Data;IBOVESPA;IVVB11;DÓLAR;IFIX;OZ1D
22/01/2021;-0.008;0.0137;0.0214;-0.0027;0.0063
21/01/2021;-0.011;0.0112;0.0025;0.0001;0.0159
20/01/2021;-0.0082;0.005;0.0017;0.0014;-0.0031
19/01/2021;-0.005;0.0237;0.003;0.0021;0.0086
18/01/2021;0.0074;-0.0012;0.0014;0.0008;0.0139
15/01/2021;-0.0254;0.0064;0.0018;0.001;0,0000
14/01/2021;0.0127;-0.0205;-0.0085;0.0011;-0.0175
13/01/2021;-0.0167;-0.0023;-0.0287;-0.0013;-0.0016
12/01/2021;0.006;-0.0331;-0.006;-0.0029;-0.0352
11/01/2021;-0.0146;0.0112;0.0239;-0.0013;0.014
08/01/2021;0.022;0.0074;0.0047;0.0014;-0.0242
07/01/2021;0.0276;0.0305;0.0047;-0.0022;0.0107
06/01/2021;-0.0023;0.0134;-0.0016;0.0008;-0.0166
05/01/2021;0.0044;0.01;0.0318;0,0000;0.0184
04/01/2021;-0.0014;0.0036;-0.0066;-0.0009;0.0316
30/12/2020;-0.0033;0.0002;0,0000;0.0053;-0.0031
29/12/2020;0.0024;-0.0071;0.0005;0.0072;0.0031
28/12/2020;0.0112;0.0202;-0.0086;0.0022;0.0096
23/12/2020;0.01;0.0113;0.0116;0.0076;0.0209
22/12/2020;0.007;0.003;0.001;0.0045;0.0026
21/12/2020;-0.0186;0.0066;0.0052;0,0000;0.0026
18/12/2020;-0.0032;0.0002;-0.0019;0.0067;-0.0029
17/12/2020;0.0046;-0.0015;0.0115;0.0019;0.0196
16/12/2020;0.0147;0.0005;0.0074;0.0012;0.0015
15/12/2020;0.0134;0.0099;-0.0087;0.0022;0.0035
14/12/2020;-0.0045;0.0027;0.0017;-0.0026;0.0119
11/12/2020;0,0000;0.0043;0.0077;0.0004;-0.0017
10/12/2020;0.0188;-0.0239;-0.0022;-0.0011;-0.0264
09/12/2020;-0.007;-0.0034;-0.0032;-0.0034;-0.0065
08/12/2020;0.0018;0.0088;-0.005;-0.0012;0.0033
07/12/2020;-0.0014;-0.0112;0.0037;-0.0039;0.0116
04/12/2020;0.013;0.0044;-0.0019;-0.0023;-0.0043
03/12/2020;0.0037;-0.0113;-0.0133;0.001;-0.0056
02/12/2020;0.0043;0.0017;0.0016;-0.0021;0.005
01/12/2020;0.023;-0.0143;-0.0123;-0.0018;0,0000
30/11/2020;-0.0152;-0.0047;-0.0099;-0.0011;-0.0075
27/11/2020;0.0032;0.012;-0.0099;0.004;-0.0049
26/11/2020;0.0009;-0.0024;-0.0033;0.0003;0.0023
25/11/2020;0.0032;-0.0118;0.0055;0.0011;-0.0094
24/11/2020;0.0224;0.0023;-0.0057;-0.0002;-0.0286
23/11/2020;0.0126;0.0198;-0.0098;0.0003;-0.0137
20/11/2020;-0.0059;0.0088;0.0039;0.0004;0.0196
19/11/2020;0.0052;-0.0088;0.006;-0.0022;-0.0088
18/11/2020;-0.0105;-0.0194;0.0033;-0.0007;-0.009
17/11/2020;0.0077;-0.0112;0.0075;0,0000;-0.0168
16/11/2020;0.0163;0.0042;-0.0192;-0.0002;-0.0061
13/11/2020;0.0216;0.0143;-0.0042;0.0008;0.0061
12/11/2020;-0.022;-0.0024;-0.012;-0.0019;-0.0091
11/11/2020;-0.0025;0.0091;0.0141;-0.0002;0.0195
10/11/2020;0.015;0.0092;0.0014;0.0015;0.0079
09/11/2020;0.0257;0.0093;0.006;0.0028;-0.0442
06/11/2020;0.0017;-0.0295;0.0166;0.0032;-0.0275
05/11/2020;0.0295;-0.0024;-0.0451;0.0049;0.0017
04/11/2020;0.0197;0.0048;-0.0056;0.0021;-0.0243
03/11/2020;0.0216;0.0365;-0.023;-0.0001;0.0246
30/10/2020;-0.0272;-0.0189;0.0007;-0.0028;0.0029
29/10/2020;0.0127;0.0123;-0.0143;0.0006;-0.0055
28/10/2020;-0.0425;-0.0221;-0.0015;-0.0107;0.0012
27/10/2020;-0.014;0.008;0.0083;-0.0024;0.0117
26/10/2020;-0.0024;-0.0169;0.0148;-0.0038;0.0034
23/10/2020;-0.0065;0.0062;0.0029;-0.0023;0.0025
22/10/2020;0.0136;0.0043;0.0037;-0.0006;-0.0102
21/10/2020;0.0001;-0.0018;0.0054;0.0018;0.0088
20/10/2020;0.0191;0.0039;-0.0033;0.002;0,0000
19/10/2020;0.0035;-0.0223;0.0032;0.0005;-0.0058
16/10/2020;-0.0075;0.0033;-0.0034;0.0015;0.0034
15/10/2020;-0.0028;0.0031;-0.0036;0.001;0.0046
14/10/2020;0.0084;-0.0053;0.001;0.0005;0.011
13/10/2020;0.0105;0.0251;0.0089;0.0002;-0.01
09/10/2020;-0.0045;-0.0038;-0.0033;0.0011;0.0062
08/10/2020;0.0251;0.0019;0.0084;0.002;-0.0006
07/10/2020;-0.0009;0.0204;-0.0144;0.0015;0.0033
06/10/2020;-0.0049;-0.0077;0.0032;0.0023;-0.0088
05/10/2020;0.0221;-0.0019;0.0147;-0.0022;-0.014
02/10/2020;-0.0153;-0.0068;-0.0194;0.0021;0.001
01/10/2020;0.0093;0.0138;-0.0029;-0.0021;0.0191
30/09/2020;0.0109;-0.0179;0.0004;0.0038;-0.0091
29/09/2020;-0.0115;0.0156;0.0006;0.0007;0.0032
28/09/2020;-0.0241;0.0328;-0.0021;-0.0021;0.0304
25/09/2020;-0.0001;0.0258;0.012;-0.0005;0.0046
24/09/2020;0.0133;-0.0153;0.0034;-0.0002;-0.0194
23/09/2020;-0.016;0.0011;-0.0008;0.0005;0.0015
22/09/2020;0.0031;0.025;0.0073;0.0006;0.0106
21/09/2020;-0.0132;-0.0143;0.0181;-0.0038;-0.0196
18/09/2020;-0.0181;0.0179;-0.002;-0.0008;0.0309
17/09/2020;0.0042;-0.0083;0.0293;-0.001;-0.0046
16/09/2020;-0.0062;-0.0078;0.0056;0.0002;-0.0061
15/09/2020;0.0002;0.0057;0.0012;0.0034;0.0061
14/09/2020;0.0194;-0.0005;-0.0037;0.0003;-0.0037
11/09/2020;-0.0048;0.0005;-0.0048;-0.0004;0.0005
10/09/2020;-0.0243;-0.0108;0.0025;0.0016;0.0019
09/09/2020;0.0124;0.0106;-0.0015;0.0006;-0.0064
08/09/2020;-0.0118;-0.0161;-0.0017;-0.0008;0.0123
04/09/2020;0.0052;-0.0122;-0.0126;0.0034;0.0015
03/09/2020;-0.0117;-0.0416;0.0161;-0.0011;-0.0121
02/09/2020;-0.0025;0.0079;-0.0044;0.0029;-0.0294
01/09/2020;0.0282;-0.0104;-0.0123;-0.0027;-0.0073
31/08/2020;-0.0272;0.0095;0.0002;0.0001;0.0073
28/08/2020;0.0151;-0.0238;-0.0179;0.0014;-0.0173
27/08/2020;0,0000;-0.0038;0.0006;0.0004;-0.008
26/08/2020;-0.0146;0.0273;-0.0228;-0.0003;0.0259
25/08/2020;-0.0018;-0.0092;0.005;-0.001;-0.0214
24/08/2020;0.0077;0.0014;-0.0057;0.0034;0.0013
21/08/2020;0.0005;0.0197;0.0008;0.0036;-0.0054
20/08/2020;0.0061;0.0032;-0.002;0.0008;0.0253
19/08/2020;-0.0119;0.01;-0.0079;0.0012;-0.0291
18/08/2020;0.0248;-0.0038;0.0292;0.0024;0.0098
17/08/2020;-0.0173;0.0167;0.0045;-0.0026;0.0309
14/08/2020;0.0089;0.0092;0.003;0.003;0.0066
13/08/2020;-0.0162;-0.0121;0.012;0.0025;0.0015
12/08/2020;-0.0006;0.0185;0.0009;-0.0017;0.003
11/08/2020;-0.0123;-0.0181;-0.0138;-0.0001;-0.0646
10/08/2020;0.0065;0.0083;0.0049;0.0048;0.0157
07/08/2020;-0.013;0.0226;0.0065;0.0074;-0.0068
06/08/2020;0.0129;0.0135;-0.0054;-0.003;0.0083
05/08/2020;0.0157;0.0095;0.0149;0.0023;0.0226
04/08/2020;-0.0157;-0.0045;0.0127;0,0000;0.0187
03/08/2020;-0.0008;0.0284;-0.0107;-0.0069;0.0244
31/07/2020;-0.02;0.0159;0.0048;-0.0002;0.0186
30/07/2020;-0.0056;-0.0078;0.02;0.0038;-0.0077
29/07/2020;0.0144;0.0166;0.0038;0.0002;0.0016
28/07/2020;-0.0035;-0.0025;0.0086;0,0000;0.0173
27/07/2020;0.0205;-0.0054;-0.0074;-0.003;0.0079
24/07/2020;0.0009;-0.0079;-0.0022;-0.0007;0.0083
23/07/2020;-0.0191;0.0098;-0.0049;-0.001;0.0275
22/07/2020;-0.0002;-0.0156;0.0097;0.0013;-0.0033
21/07/2020;-0.0011;-0.0235;0.0105;0.0028;-0.0129
20/07/2020;0.0149;0.0019;-0.0448;-0.0062;-0.0096
17/07/2020;0.0232;0.0149;-0.0009;-0.0007;0.0279
16/07/2020;-0.0122;-0.017;0.0013;-0.001;-0.0146
15/07/2020;0.0134;0.0154;-0.0147;0.0013;0.0042
14/07/2020;0.0177;0.0081;0.015;-0.0031;-0.0074
13/07/2020;-0.0133;0.0031;0.0009;-0.0057;0.0131
10/07/2020;0.0088;0.0071;0.0087;0.0003;-0.0016
09/07/2020;-0.0061;-0.007;-0.0094;-0.0048;-0.0017
08/07/2020;0.0205;0.0011;0.0031;-0.0067;-0.0038
07/07/2020;-0.0119;-0.0046;0.0044;-0.0015;0.017
06/07/2020;0.0224;0.008;-0.0054;-0.0038;0.0033
03/07/2020;0.0055;0.0042;0.0065;0,0000;0,0000
02/07/2020;0.0003;0.0183;-0.0116;-0.001;0.0004
01/07/2020;0.0121;-0.0205;-0.0202;0.0035;-0.0262
30/06/2020;-0.0071;0.0191;0.0063;0.0068;0.0197
29/06/2020;0.0203;0.0057;-0.0039;-0.0011;-0.0194
26/06/2020;-0.0224;0.0014;0.0252;-0.001;0.0299
25/06/2020;0.017;0.0105;0.0163;0.0023;0.0118
24/06/2020;-0.0166;0.0064;0.0141;-0.0024;0.0259
23/06/2020;0.0067;-0.015;-0.01;0.0004;-0.0186
22/06/2020;-0.0128;-0.0031;-0.0232;-0.0041;-0.0043
19/06/2020;0.0046;-0.0175;0,0000;0.0033;0.0047
18/06/2020;0.006;0.0238;0.0185;0.002;0.0186
17/06/2020;0.0216;0.0003;0.0237;0.002;0.0133
16/06/2020;0.0125;0.0377;-0.0115;0.002;0.0078
15/06/2020;-0.0045;0.0241;0.03;-0.0015;0.0179
12/06/2020;-0.02;-0.0276;0.0303;-0.0062;0.0257
10/06/2020;-0.0213;0.008;-0.0033;0.0025;0.0139
09/06/2020;-0.0092;0.0009;-0.0056;-0.0004;0.02
08/06/2020;0.0318;-0.0111;-0.0089;0.0075;-0.015
05/06/2020;0.0086;-0.0063;-0.0248;0.0102;-0.043
04/06/2020;0.0089;0.004;0.0104;0.0053;0.0083
03/06/2020;0.0215;-0.0127;-0.0396;0.0095;-0.0359
02/06/2020;0.0274;-0.0206;-0.0194;0.0106;-0.0337
01/06/2020;0.0139;0.0085;-0.0115;0.007;0.0164
29/05/2020;0.0052;-0.0014;0.0161;0.0066;-0.0095
28/05/2020;-0.0113;0.0174;0.0078;0.0047;0.019
27/05/2020;0.029;0.0044;-0.0133;0.0047;-0.0142
26/05/2020;-0.0023;-0.0219;-0.0194;0.0043;-0.0466
25/05/2020;0.0425;-0.0042;-0.0186;0.0063;-0.0222
22/05/2020;-0.0103;-0.0006;-0.0038;0.0048;-0.0063
21/05/2020;0.021;-0.0294;-0.0167;0.0022;-0.0306
20/05/2020;0.0071;-0.0098;-0.0043;0.001;-0.0076
19/05/2020;-0.0056;0.0106;-0.0028;0.0014;0.0297
18/05/2020;0.0469;0.0115;-0.0147;0.0002;-0.0318
15/05/2020;-0.0184;0.0106;-0.0193;0.006;0.0016
14/05/2020;0.0159;-0.0055;0.0059;-0.0041;0.0122
13/05/2020;-0.0013;-0.0116;0.0225;-0.0088;0.0046
12/05/2020;-0.0151;-0.012;-0.004;-0.0027;0.0237
11/05/2020;-0.0149;0.0147;0.0052;0.0021;0.016
08/05/2020;0.0275;-0.0123;-0.0122;0.0011;-0.0204
07/05/2020;-0.012;0.0478;0.0298;-0.0025;0.0307
06/05/2020;-0.0051;0.014;0.0239;-0.0005;0.0181
05/05/2020;0.0075;0.018;-0.0083;0.002;0.0033
04/05/2020;-0.0202;-0.0076;0.0285;-0.0081;0.024
30/04/2020;-0.032;0.0101;-0.0004;0.004;0.0151
29/04/2020;0.0229;-0.0079;-0.025;0.0079;-0.0396
28/04/2020;0.0393;-0.0275;-0.012;0.0062;-0.0472
27/04/2020;0.0386;0.0134;-0.0027;0.0112;0.0095
24/04/2020;-0.0545;0.0368;0.0375;-0.0247;-0.0307
23/04/2020;-0.0126;0.021;0.0115;0.0076;0.0046
22/04/2020;0.0217;0.0118;0.0191;0.0069;0.0205
20/04/2020;-0.0002;-0.0056;0.005;-0.0015;0.0292
17/04/2020;0.0151;0.0078;0.0037;0.0036;-0.0128
16/04/2020;-0.0129;0.0242;-0.0038;0.0023;0.0498
15/04/2020;-0.0136;-0.0095;0.0139;-0.0019;0.0248
14/04/2020;0.0137;0.0297;0.0007;0.0085;0.0122
13/04/2020;0.0149;0.0083;0.0206;0.003;0.0088
09/04/2020;-0.012;0.0061;-0.0258;0.0066;0.048
08/04/2020;0.0297;0.0144;-0.0018;0.0082;-0.021
07/04/2020;0.0308;-0.0076;-0.0048;0.0186;-0.0167
06/04/2020;0.0652;0.0509;-0.0099;0.0084;0.0162
03/04/2020;-0.0376;0,0000;0.0066;-0.0114;0.0198
02/04/2020;0.0181;0.0214;0.0047;-0.0075;0.0116
01/04/2020;-0.0281;-0.0285;0.008;-0.012;0.0174
31/03/2020;-0.0217;-0.0095;0.0076;0.0068;-0.0226
30/03/2020;0.0165;0.0473;0.0095;0.0034;0.015
27/03/2020;-0.0551;-0.0124;0.022;0.0105;0.0231
26/03/2020;0.0367;0.0522;-0.0137;0.0352;0.0317
25/03/2020;0.075;-0.0063;-0.0001;0.0582;-0.0308
24/03/2020;0.0969;0.0887;-0.0018;0.0281;0.0277
23/03/2020;-0.0522;-0.008;0.0111;-0.0471;0.0412
20/03/2020;-0.0185;-0.0476;-0.0233;0.0314;0.0073
19/03/2020;0.0215;-0.0169;0.0066;0.0091;-0.0077
18/03/2020;-0.1035;-0.022;0.0121;-0.1323;-0.0078
17/03/2020;0.0485;0.0563;0.0207;-0.0213;0.0124
16/03/2020;-0.1392;-0.0773;0.0445;-0.0464;-0.0163
13/03/2020;0.1391;0.1028;-0.0301;0.0149;-0.002
12/03/2020;-0.1478;-0.0873;0.0448;-0.0657;-0.0218
11/03/2020;-0.0764;-0.0337;0.001;-0.0183;0.0244
10/03/2020;0.0714;0.0375;-0.0145;0.0142;-0.0379
09/03/2020;-0.1217;-0.0604;0.0198;-0.0355;0.0373
06/03/2020;-0.0414;-0.0155;0.0055;-0.0092;-0.002
05/03/2020;-0.0465;-0.0256;0.021;-0.0029;0.0378
04/03/2020;0.016;0.0591;0.0084;0.0012;0.0076
03/03/2020;-0.0102;-0.0217;-0.0014;0.0046;0.0348
02/03/2020;0.0236;0.0499;-0.0009;0.0073;-0.0033
28/02/2020;0.0115;-0.0152;0.005;-0.0029;-0.0498
27/02/2020;-0.0259;-0.0288;0.0091;-0.0001;0.0005
26/02/2020;-0.07;-0.0587;0.0099;-0.0149;0.0272
21/02/2020;-0.0079;-0.0104;0.0012;0.0015;0.0291
20/02/2020;-0.0166;0.0016;0.0033;0.0001;0.0083
19/02/2020;0.0134;0.0056;0.0059;-0.0041;0.0053
18/02/2020;-0.0029;-0.0077;0.0073;-0.0071;0.0262
17/02/2020;0.0081;0.0213;-0.0001;-0.0006;-0.0039
14/02/2020;-0.0111;-0.0129;-0.0052;0.0031;0.0018
13/02/2020;-0.0087;0.0013;0.0005;0.0018;0.0045
12/02/2020;0.0113;0.0086;0.0051;0.0046;-0.0041
11/02/2020;0.0249;0.0035;-0.0011;0.0052;0,0000
10/02/2020;-0.0105;0.011;0.0028;-0.0078;0.0027
07/02/2020;-0.0123;0.0026;0.0141;-0.0048;0.0021
06/02/2020;-0.0072;0.0132;0.0007;-0.0018;0.0048
05/02/2020;0.0041;0.006;0.0016;-0.0033;0.0037
04/02/2020;0.0081;0.0178;-0.0022;0.0008;-0.0009
03/02/2020;0.0076;-0.0009;-0.0052;-0.0069;-0.0014
31/01/2020;-0.0153;-0.0119;0.004;0.0004;-0.0046
30/01/2020;0.0012;0.006;0.0121;-0.0038;0.014
29/01/2020;-0.0094;0.0136;-0.0012;-0.0039;0.0047
28/01/2020;0.0174;0.0064;-0.0031;0.0025;-0.007
27/01/2020;-0.0329;-0.0119;0.0102;-0.0089;0.0166
24/01/2020;-0.0096;-0.0063;0.0026;-0.0004;-0.008
23/01/2020;0.0096;-0.0016;-0.0054;0.0003;0.0009
22/01/2020;0.0117;-0.0069;-0.003;-0.0018;-0.0021
21/01/2020;-0.0154;-0.0044;0.0044;-0.0042;0.002
20/01/2020;0.0032;0.0145;-0.0002;-0.0038;0.0072
17/01/2020;0.0152;-0.0021;0.0027;-0.0036;-0.0091
16/01/2020;0.0025;0.0092;0.0025;-0.0041;-0.0002
15/01/2020;-0.0104;0.0142;0.0043;-0.0023;0,0000
14/01/2020;0.0026;-0.0042;0.0032;0.001;-0.0011
13/01/2020;0.0158;0.0188;0.0138;0.0014;0.0058
10/01/2020;-0.0038;-0.0003;0,0000;0.0024;0,0000
09/01/2020;-0.0026;0.0131;0.0018;-0.0052;0.0059
08/01/2020;-0.0036;0.0018;-0.0041;-0.0172;-0.0035
07/01/2020;-0.0018;0.0007;0.0071;-0.003;0.0066
06/01/2020;-0.007;0.0036;0.0008;-0.0013;0.0053
03/01/2020;-0.0073;0.0007;0.0077;0.0089;0.0294
02/01/2020;0.0253;0.0136;-0.0023;0.0086;0.0067
30/12/2019;-0.0076;-0.0117;0,0000;0.0089;-0.0163
27/12/2019;-0.0057;-0.0004;-0.0059;0.011;0.0148
26/12/2019;0.0116;-0.0081;-0.0014;0.0159;0.005
23/12/2019;0.0064;0.0014;-0.0049;0.0111;0.004
20/12/2019;-0.0001;0.0228;0.001;0.0084;0.006
19/12/2019;0.0071;-0.0058;-0.0005;0.0049;0.0146
18/12/2019;0.0151;-0.0014;0.0035;0.005;-0.0119
17/12/2019;0.0064;0.005;0.0021;0.0022;-0.0124
16/12/2019;-0.0059;-0.0087;-0.0034;0.003;-0.0146
13/12/2019;0.0033;0.0058;-0.0028;0.0031;-0.0049
12/12/2019;0.0111;0.0008;-0.0036;0.0044;0.0049
11/12/2019;0.0026;-0.0041;-0.0035;0.0044;0.0098
10/12/2019;-0.0028;-0.0006;-0.0015;0.0038;0,0000
09/12/2019;-0.0013;-0.002;-0.0066;0.0012;-0.0068
06/12/2019;0.0046;-0.0019;-0.0018;0.0041;-0.0098
05/12/2019;0.0029;-0.0026;-0.0067;0.001;0.0069
04/12/2019;0.0123;0.006;-0.0084;0.003;-0.0049
03/12/2019;0.0003;-0.0104;0.005;0.0055;-0.0091
02/12/2019;0.0064;-0.0181;-0.002;0.0005;0.0019
29/11/2019;-0.0005;0.0043;-0.006;0.002;0.0167
28/11/2019;0.0054;-0.0067;0.0005;0.0025;-0.0092
27/11/2019;0.0061;0.0071;-0.0057;0.0002;-0.0055
26/11/2019;-0.0126;0.0069;-0.0029;0.0014;0.013
25/11/2019;-0.0025;0.015;0.001;0.0002;-0.0123
22/11/2019;0.0111;0.0007;0.0112;0.0045;0.0042
21/11/2019;0.0154;-0.0053;0.0061;0.0025;0.0042
19/11/2019;-0.0038;-0.0029;-0.0043;0.0049;-0.0009
18/11/2019;-0.0027;0.0132;-0.0005;0.003;0,0000
14/11/2019;0.0047;0.0038;-0.0012;0.0017;-0.0024
13/11/2019;-0.0065;0.0044;0.0061;-0.0011;0.0049
12/11/2019;-0.0149;0.0055;-0.0001;-0.0003;0.0034
11/11/2019;0.0069;-0.0025;0.0015;-0.0015;-0.002
08/11/2019;-0.0178;0.0141;0.0003;0.0023;0.0108
07/11/2019;0.0113;0.0131;0.0047;0.0046;0.0025
06/11/2019;-0.0033;0.0206;0.0047;0.004;0.005
05/11/2019;-0.0006;-0.0076;0.0107;-0.0009;-0.006
04/11/2019;0.0054;0.0171;0.0143;0.0033;-0.0136
01/11/2019;0.0091;-0.0005;0.0077;0.0014;0.0094
31/10/2019;-0.011;0.0001;0.003;0.005;0.0206
30/10/2019;0.0079;0.0013;0.0034;0.0031;0,0000
29/10/2019;-0.0058;0.0017;-0.0064;0.0002;-0.0075
28/10/2019;0.0077;-0.0009;-0.0036;0.001;-0.0074
25/10/2019;0.0035;-0.0014;0.006;0.0027;0.005
24/10/2019;-0.0052;0.0019;0.0039;0.0013;-0.005
23/10/2019;0.0015;-0.0077;-0.0085;0.0029;-0.0093
22/10/2019;0.0128;-0.0169;0.0011;0.0023;-0.0101
21/10/2019;0.0123;0.0114;-0.0155;0.0055;-0.0097
18/10/2019;-0.0027;-0.0131;-0.0158;0.0033;0.0196
17/10/2019;-0.0039;0.0046;0.0014;0.0006;-0.0121
16/10/2019;0.0089;-0.0083;-0.0014;0.0036;0.0122
15/10/2019;0.0018;0.0226;-0.002;0.0032;0.0049
14/10/2019;0.0045;0.0044;-0.0061;0.0003;-0.0049
11/10/2019;0.0198;0.0018;0.0054;0.0028;-0.0039
10/10/2019;0.0056;0.0133;0.0055;0.0017;0.0039
09/10/2019;0.0127;0.0171;0.0049;0.0006;-0.0121
08/10/2019;-0.0059;-0.0199;-0.0021;0.0005;-0.0164
07/10/2019;-0.0193;0.0062;0.0047;-0.0004;0.0282
04/10/2019;0.0102;0.0123;0.0021;0.0024;0.001
03/10/2019;0.0048;-0.0114;0.0044;-0.0003;-0.0239
02/10/2019;-0.029;-0.024;0.0019;0,0000;0.0048
01/10/2019;-0.0066;-0.0111;-0.0098;-0.0027;0.0196
30/09/2019;-0.0032;0.0061;-0.0129;0.0024;-0.04
27/09/2019;-0.0023;-0.0093;-0.0046;0.0031;-0.0207
26/09/2019;0.008;0.0126;0.0023;-0.0011;-0.0247
25/09/2019;0.0058;-0.0085;0.0014;0.0017;-0.0027
24/09/2019;-0.0073;-0.0077;0.0028;0.0005;0.0281
23/09/2019;-0.0017;0.0013;-0.0086;-0.0004;0.0164
20/09/2019;0.0046;-0.0055;0.0025;0.0012;0.0118
19/09/2019;-0.0018;0.016;-0.0003;0.0021;0.0169
18/09/2019;-0.0008;0.0038;0.0011;0,0000;0.0068
17/09/2019;0.009;-0.0008;0.0071;0.0012;-0.0139
16/09/2019;0.0017;-0.0014;0.0103;-0.0009;0.022
13/09/2019;-0.0083;0.004;-0.0006;0.0009;0,0000
12/09/2019;0.0089;0.0037;0.0031;0.0013;0.0148
11/09/2019;0.004;0.0018;0.0063;-0.0021;0,0000
10/09/2019;-0.0014;-0.0049;0.003;-0.0002;0.01
09/09/2019;0.0024;0.0071;-0.0034;-0.0006;0.0025
06/09/2019;0.0068;-0.0079;-0.0116;-0.0002;-0.0197
05/09/2019;0.0103;0.0135;0.0084;-0.0007;-0.0268
04/09/2019;0.0152;-0.0062;0.0029;0.0018;-0.0114
03/09/2019;-0.0094;0.0041;-0.0051;0.0003;0.0019
02/09/2019;-0.005;0.0036;-0.0095;0,0000;-0.0075
30/08/2019;0.0061;-0.0109;-0.0098;0.0065;-0.0315
29/08/2019;0.0237;0.0315;0.0018;0.0028;0.0005
28/08/2019;0.0094;-0.0057;0.0047;0.003;-0.0262
27/08/2019;0.0088;-0.0029;-0.0071;0.0011;0.0223
26/08/2019;-0.0127;0.0158;0.0029;-0.0023;-0.02
23/08/2019;-0.0234;-0.0147;0,0000;0.0004;0.0117
22/08/2019;-0.0118;0,0000;0.0046;0.0003;0.0398
21/08/2019;0.02;0.0128;0.0126;0.0006;0.0019
20/08/2019;-0.0025;-0.0096;0.0101;-0.0036;0.0416
19/08/2019;-0.0034;0.0267;0.0047;-0.0014;0.0025
16/08/2019;0.0076;0.0188;-0.0042;0.0038;-0.0097
15/08/2019;-0.012;-0.0096;0.0037;-0.0009;-0.0237
14/08/2019;-0.0294;-0.0123;0.0085;-0.0025;0.0267
13/08/2019;0.0136;0.0127;-0.0063;0.0025;-0.012
12/08/2019;-0.02;-0.0026;0.0028;-0.0037;0.0146
09/08/2019;-0.0011;-0.0027;0.0085;-0.0045;-0.012
08/08/2019;0.013;0.0071;-0.0058;-0.0009;-0.0024
07/08/2019;0.0061;0.0046;0.0153;0.0014;0.078
06/08/2019;0.0206;0.0158;-0.0012;0.0009;0.0182
05/08/2019;-0.0251;-0.0157;-0.0111;-0.0053;0.0347
02/08/2019;0.0054;-0.0012;0.0052;0.0031;0.0091
01/08/2019;0.0031;0.0078;0.0061;-0.0024;0.0089
31/07/2019;-0.0109;0.0042;0.0172;0.0035;-0.0088
30/07/2019;-0.0053;-0.0107;0.0116;0.0023;-0.0017
29/07/2019;0.0065;0.0008;0.0172;0.004;0.0185
26/07/2019;0.0016;0.0045;-0.0066;0.003;-0.0056
25/07/2019;-0.0141;-0.0006;-0.0002;-0.0011;0.013
24/07/2019;0.004;0.0018;0.0045;0.0007;0.0068
23/07/2019;-0.0024;0.0177;-0.0029;0.0019;-0.0168
22/07/2019;0.0048;-0.0009;0.0067;-0.0011;0.0113
19/07/2019;-0.0121;0.0008;-0.0007;-0.0016;0.0057
18/07/2019;0.0083;-0.0062;0.0059;0.0002;0.0028
17/07/2019;0.0008;-0.0053;-0.0002;0.0019;0.0227
16/07/2019;-0.0003;-0.003;-0.0022;0.0013;-0.0041
15/07/2019;-0.001;0.0058;-0.0034;-0.0016;-0.0182
12/07/2019;-0.0118;0.0019;-0.0002;-0.0005;0.0029
11/07/2019;-0.0063;-0.0056;0.0043;-0.0012;0.0116
10/07/2019;0.0123;-0.0107;0.0003;-0.0035;0.0111
08/07/2019;0.0042;-0.0057;-0.0022;-0.0013;-0.011
05/07/2019;0.0044;-0.0024;-0.0044;0.0024;0.0052
04/07/2019;0.0156;0.0143;-0.0041;-0.0016;-0.0166
03/07/2019;0.0143;-0.0097;-0.0056;0.0031;0.0086
02/07/2019;-0.0072;0.0052;-0.0036;0.0009;0.0087
01/07/2019;0.0037;0.016;0.007;0.0009;-0.0191
28/06/2019;0.0024;0.0034;-0.0139;0.0064;0.0171
27/06/2019;0.0004;0.002;-0.0023;0.0018;-0.0092
26/06/2019;0.006;-0.0054;0.0097;0.0025;-0.0057
25/06/2019;-0.0193;-0.0042;-0.0034;0,0000;0.004
24/06/2019;0.0005;0.0037;-0.0083;0.0021;0.0223
21/06/2019;0.017;-0.0027;0.0052;0.0047;0.0219
19/06/2019;0.009;-0.0005;0.0036;0.0028;-0.0042
18/06/2019;0.0182;0.0005;0.0018;0.0037;-0.0026
17/06/2019;-0.0043;0,0000;-0.0005;0.001;-0.0029
14/06/2019;-0.0074;0.0099;-0.0121;0.0009;0.0212
13/06/2019;0.0046;0.0022;0.003;-0.0003;0,0000
12/06/2019;-0.0065;-0.0009;-0.0074;-0.0002;0.0116
11/06/2019;0.0153;-0.0071;0.0021;-0.0019;-0.0174
10/06/2019;-0.0036;0.007;0.01;-0.0011;0,0000
07/06/2019;0.0063;0.0083;-0.0002;0.0029;0.0012
06/06/2019;0.0126;0.0036;-0.0059;0.0007;0.0012
05/06/2019;-0.0142;0.0198;-0.0032;0.0006;0.0067
04/06/2019;0.0037;0.0134;0.0057;0.0001;-0.009
03/06/2019;-0.0001;-0.0128;-0.004;0.0017;0.011
31/05/2019;-0.0044;-0.0271;0.003;0.0035;-0.0018
30/05/2019;0.0092;0.0041;-0.0026;0.006;0.0154
29/05/2019;0.0018;-0.0227;-0.0075;0.0024;-0.0116
28/05/2019;0.0161;-0.0082;-0.0103;0.0013;-0.0067
27/05/2019;0.0132;0.0017;-0.0079;0.0006;-0.006
24/05/2019;-0.003;-0.0037;-0.0061;0.0028;-0.003
23/05/2019;-0.0048;-0.0127;-0.0077;0.0002;0.0091
22/05/2019;-0.0013;0,0000;0.0016;0.0026;-0.006
21/05/2019;0.0276;-0.0048;-0.0028;0.0023;-0.0112
20/05/2019;0.0217;-0.016;-0.0047;0.0001;0.0236
17/05/2019;-0.0004;0.0188;0.0071;0.0002;-0.0119
16/05/2019;-0.0175;0.0214;-0.0143;0.0023;-0.0001
15/05/2019;-0.0051;0.0077;-0.006;0.0009;0.0067
14/05/2019;0.004;0.0089;0.0052;0.0019;0.0021
13/05/2019;-0.0269;-0.0179;0.0176;-0.0031;0.0157
10/05/2019;-0.0058;0.0021;0.0027;-0.0005;0,0000
09/05/2019;-0.0083;0.0019;0.0061;-0.0013;0.0019
08/05/2019;0.0128;-0.0107;-0.0026;0.0002;-0.008
07/05/2019;-0.0065;-0.0101;0.0079;-0.0001;0.0032
06/05/2019;-0.0104;-0.0009;-0.0024;-0.0037;0.0124
03/05/2019;0.005;0.0054;0.0084;0.0007;0.005
02/05/2019;-0.0086;-0.0013;-0.0134;-0.0019;-0.0142
30/04/2019;0.0017;-0.0077;0.0065;0.004;0.0185
29/04/2019;-0.0005;0.0091;0.006;0.0002;-0.0152
26/04/2019;-0.0033;-0.0097;-0.0066;0.0027;-0.0018
25/04/2019;0.0159;-0.001;0.005;-0.0006;-0.0013
24/04/2019;-0.0092;0.0131;0.0023;-0.0004;0.0062
23/04/2019;0.0141;0.0048;0.0003;0.0009;-0.0031
22/04/2019;0.0001;-0.0002;-0.0094;-0.0003;0.0094
18/04/2019;0.0139;0.0016;0.0024;0.0022;-0.0032
17/04/2019;-0.0111;0.008;0.0049;0.0012;0.0158
16/04/2019;0.0134;0.0091;0.0053;-0.0016;-0.0125
15/04/2019;0.0022;-0.0099;-0.0036;0.0019;0.0001
12/04/2019;-0.0198;0.019;0.0037;-0.0014;-0.0032
11/04/2019;-0.0125;0.0094;0.008;0.0019;0.0031
10/04/2019;-0.0035;-0.0047;0.0047;0,0000;-0.0123
09/04/2019;-0.0111;-0.0035;0.0012;0.0005;0.0194
08/04/2019;0.0027;-0.0048;0.0074;-0.0017;-0.0006
05/04/2019;0.0083;0.0088;0.0014;-0.0005;-0.0061
04/04/2019;0.0193;-0.0059;-0.0057;-0.0001;-0.0013
03/04/2019;-0.0094;0.0059;-0.0025;0.0015;0.0013
02/04/2019;-0.007;-0.0019;0.0009;0.0003;-0.0032
01/04/2019;0.0067;0.0003;-0.0024;-0.0004;-0.0102
29/03/2019;0.0109;0.011;0.0072;0.0026;-0.0232
28/03/2019;0.027;-0.0085;-0.0058;0.001;0.0228
27/03/2019;-0.0357;0.0154;-0.0005;-0.0027;-0.0086
26/03/2019;0.0176;0.0104;-0.0073;0.0028;0.0043
25/03/2019;-0.0008;-0.0122;-0.018;0.0011;0.0188
22/03/2019;-0.031;0.0091;0.0074;-0.0042;-0.0001
21/03/2019;-0.0134;0.0251;0.0192;-0.0005;0.0018
20/03/2019;-0.0155;-0.0158;-0.0032;0.0012;0.001
19/03/2019;-0.0041;-0.0017;-0.0012;-0.0021;0.0003
18/03/2019;0.0086;-0.0006;0.0223;0.001;-0.0062
15/03/2019;0.0054;-0.0041;0.0018;0.0048;0.0031
14/03/2019;-0.003;0.0087;0.0036;0.0025;0,0000
13/03/2019;0.011;0.0047;-0.0092;0.0001;0.0063
12/03/2019;-0.002;-0.0041;-0.0061;0.0005;-0.0062
11/03/2019;0.0279;0.0094;0.0004;0.0014;-0.0019
08/03/2019;0.0109;-0.0025;0.0016;0.0012;0.0178
07/03/2019;0.0013;0.0027;0.0036;0.0022;0.0032
06/03/2019;-0.0041;0.0035;-0.0086;0.003;-0.0063
01/03/2019;-0.0103;0.0109;-0.0056;0.004;-0.0009
28/02/2019;-0.0177;0.0042;0.005;0.0057;-0.0085
27/02/2019;-0.003;-0.0059;0.0048;0.0047;0.0031
26/02/2019;0.0037;0.0003;0.0125;0.0023;0.0063
25/02/2019;-0.0066;0.0039;0.012;-0.0041;-0.0078
22/02/2019;0.0098;-0.0017;0.0009;0.0017;-0.0016
21/02/2019;0.004;0.0084;-0.0065;-0.0035;0.0019
20/02/2019;-0.0114;0.0046;0.0083;0.0021;0.0094
19/02/2019;0.0119;-0.0005;-0.0039;-0.0001;0.0155
18/02/2019;-0.0104;0.0083;-0.0044;0.0027;-0.0058
15/02/2019;-0.005;-0.0002;0.0133;0.0012;-0.0023
14/02/2019;0.0227;-0.0106;-0.0028;0,0000;-0.0028
13/02/2019;-0.0034;0.0138;-0.0029;0.0001;-0.0032
12/02/2019;0.0186;0.0064;0.0043;-0.0009;0.0016
11/02/2019;-0.0098;0.0103;-0.0159;0.0014;0.0065
08/02/2019;0.0099;0.0022;0.0129;0.0007;0.0034
07/02/2019;-0.0024;-0.0062;-0.0005;0.0009;0.0143
06/02/2019;-0.0374;0.0072;-0.0025;-0.0023;-0.0083
05/02/2019;-0.0028;0.0075;0.0056;-0.0006;0.0118
04/02/2019;0.0074;0.0074;-0.0002;-0.001;-0.0128
01/02/2019;0.0048;0.0036;0.0047;-0.0008;-0.0096
31/01/2019;0.0041;-0.0022;0.0076;0.0049;-0.0057
30/01/2019;0.0142;0.0063;-0.0004;0.0021;0.009
29/01/2019;0.002;-0.0136;0.0017;0.0052;0.0065
28/01/2019;-0.0229;-0.003;0.0048;-0.0031;-0.0032
24/01/2019;0.0116;0.0094;-0.017;-0.001;-0.0032
23/01/2019;0.0153;-0.0057;-0.0059;-0.0021;0.013
22/01/2019;-0.0094;-0.0024;-0.0081;-0.0004;0,0000
21/01/2019;-0.0009;-0.0025;0.0015;-0.0007;0,0000
18/01/2019;0.0078;0.0137;-0.0052;0.0032;-0.0032
17/01/2019;0.0101;0.0036;-0.0047;-0.0001;0.0151
16/01/2019;0.0036;0.0112;0.0101;0.0019;0.0039
15/01/2019;-0.0044;0.0118;-0.0024;-0.0007;-0.0091
14/01/2019;0.0087;-0.002;0.0058;-0.0002;0.0066
11/01/2019;-0.0016;-0.0001;-0.0028;0.0002;0.0033
10/01/2019;0.0021;0.0074;0.0106;-0.0019;-0.0049
09/01/2019;0.0172;0.0006;0.004;0.001;-0.0177
08/01/2019;0.0036;0.0005;-0.0057;0.0004;0,0000
07/01/2019;-0.0015;0.0145;0.0032;0.0018;0.0012
04/01/2019;0.003;0.0175;0.0074;0.0025;-0.006
03/01/2019;0.0061;-0.0252;-0.0017;0.0048;-0.0155
02/01/2019;0.0356;-0.0212;-0.0074;0.0069;0,0000
28/12/2018;0.0284;0.0306;0.0039;0.0028;0.0013
27/12/2018;0.0038;-0.0085;-0.015;0.0055;0.0122
26/12/2018;-0.0065;-0.0015;-0.0015;0.0009;-0.0054
21/12/2018;0.005;-0.0035;-0.0236;0.008;0.0029
20/12/2018;-0.0047;-0.0302;-0.0039;0.0006;0.0071
19/12/2018;-0.0108;-0.0123;0,0000;0,0000;0.0026
18/12/2018;0.0024;-0.0021;-0.0148;0.002;0.0088
17/12/2018;-0.012;-0.0247;0.0018;0,0000;-0.0006
14/12/2018;-0.0044;-0.0071;0.0106;0.0027;0.0072
13/12/2018;0.0099;-0.0007;0.0045;0.0024;-0.0246
12/12/2018;0.0065;-0.0032;0.0059;-0.0021;0.0032
11/12/2018;0.0059;0,0000;-0.0119;0.0011;0.005
10/12/2018;-0.025;0.0037;-0.0023;0,0000;0.0015
07/12/2018;-0.0082;-0.0064;-0.0032;0.0006;0.0065
06/12/2018;-0.0022;-0.0192;0.0008;-0.0002;0.0132
05/12/2018;0.0047;0.0099;0.0077;0.0006;0.0133
04/12/2018;-0.0133;-0.0222;0.0042;-0.0037;-0.0046
03/12/2018;0.0035;0.0046;-0.0098;0.0007;-0.0007
30/11/2018;-0.0023;0.0036;-0.0025;0.0002;-0.0007
29/11/2018;0.0051;0.0089;0.0037;0.0042;-0.0007
28/11/2018;0.0155;0.0132;-0.0055;0.0014;-0.0179
27/11/2018;0.0274;-0.0098;0.016;-0.0004;0.0319
26/11/2018;-0.0079;0.0485;0.0065;0.0019;0.0068
23/11/2018;-0.0143;-0.0121;0.0007;0.0003;0,0000
22/11/2018;0.0024;0.0019;-0.009;0.0015;0.0082
21/11/2018;-0.0072;-0.006;0.0017;-0.0015;-0.0148
19/11/2018;-0.0069;-0.0071;-0.0016;0.0024;0.0248
16/11/2018;0.0296;-0.0051;-0.0076;0.0024;-0.0142
14/11/2018;0.0125;-0.0102;0.007;0.0054;0.0215
13/11/2018;-0.0071;0.0082;0.0151;-0.001;-0.0082
12/11/2018;-0.0014;0.0005;-0.0006;0.0008;-0.0111
09/11/2018;0.0002;-0.0149;0.0061;0.0029;0.0009
08/11/2018;-0.0239;-0.0081;0.0078;0.0003;0.0007
07/11/2018;-0.0108;0.0257;0.0007;0.0018;0.0068
06/11/2018;-0.0104;0.0055;0.0007;-0.001;-0.0034
05/11/2018;0.0133;0.0113;-0.0105;0.0004;0.0035
01/11/2018;0.0114;0.0022;0.0035;0.0036;0.003
31/10/2018;0.0062;0.0195;0.0084;0.0038;-0.002
30/10/2018;0.0369;0.0082;-0.0007;0.0048;0.0059
29/10/2018;-0.0224;0.0102;0.0031;0.0014;-0.0014
26/10/2018;0.0195;-0.0301;-0.0053;0.0029;-0.0156
25/10/2018;0.0123;0.0081;0.0027;0.003;0.0055
24/10/2018;-0.0262;-0.0173;0.012;0.0003;0.0117
23/10/2018;-0.0035;-0.0023;0.002;0.0026;-0.0195
22/10/2018;0.0163;-0.0102;-0.0055;0.004;0.0199
19/10/2018;0.0044;-0.0054;0.0043;0.0017;0,0000
18/10/2018;-0.0224;-0.0027;0.0179;-0.0003;-0.0035
17/10/2018;0.0005;-0.0117;-0.0105;0.0009;-0.0136
16/10/2018;0.0283;0.0151;-0.0071;-0.0005;0.0024
15/10/2018;0.0053;-0.0002;-0.0012;0.0056;0.029
11/10/2018;-0.0091;-0.0169;-0.0005;0.0009;0.0021
10/10/2018;-0.028;-0.0229;0.0048;0.0008;0.0049
09/10/2018;0,0000;-0.0122;-0.0047;0.006;-0.0373
08/10/2018;0.0457;-0.0231;0.0031;0.003;-0.0232
05/10/2018;-0.0076;-0.0152;-0.0012;0.0052;0.01
04/10/2018;-0.0038;-0.0055;-0.0019;-0.0018;-0.0033
03/10/2018;0.0204;-0.0099;-0.0068;0.0058;-0.0132
02/10/2018;0.038;-0.0222;-0.0034;0.0024;-0.013
01/10/2018;-0.0091;0.0005;-0.0013;-0.003;0.0033
28/09/2018;-0.0082;0.0102;0.0032;0.0028;-0.0032
27/09/2018;0.0171;-0.0069;-0.0052;-0.0001;-0.0147
26/09/2018;0.0003;-0.0144;-0.0287;-0.0028;0.0084
25/09/2018;0.0083;-0.0066;-0.0089;-0.0031;0.0045
24/09/2018;-0.0184;0.0064;0.0131;-0.0001;-0.0141
21/09/2018;0.017;-0.0071;-0.0244;-0.0003;-0.0113
20/09/2018;-0.0007;-0.0082;-0.0191;0.0004;-0.0013
19/09/2018;-0.0019;0.0013;0.0058;0.0021;0,0000
18/09/2018;0.0199;0.009;-0.0013;0.0014;-0.0216
17/09/2018;0.018;-0.0168;-0.0118;0.0007;0.0247
14/09/2018;0.0099;0.0016;-0.0173;-0.0025;-0.0025
13/09/2018;-0.0058;0.0114;0.017;0.0017;0.0132
12/09/2018;0.0063;-0.0012;-0.0033;0.0035;0.0158
11/09/2018;-0.0233;0.0168;-0.0066;-0.0024;-0.0265
10/09/2018;0.0003;-0.0004;-0.0086;-0.0018;-0.0019
06/09/2018;0.0176;-0.0123;-0.0004;0,0000;0.0032
05/09/2018;0.0051;-0.0064;-0.0078;0.0003;0.0064
04/09/2018;-0.0194;-0.0218;-0.0044;-0.0001;-0.0076
03/09/2018;-0.0063;0.0383;0.0058;-0.0018;0.0013
31/08/2018;0.0036;-0.0153;0.0092;0.0015;0,0000
30/08/2018;-0.0253;0.0036;-0.0092;0.0007;0,0000
29/08/2018;0.0118;0.0046;0.0155;-0.0008;0.0051
28/08/2018;-0.0059;0.0102;-0.0109;0.0008;0.0109
27/08/2018;0.0219;0.002;-0.0036;0.0017;0.0039
24/08/2018;0.0083;0.002;-0.001;0,0000;0.0124
23/08/2018;-0.0165;0.0142;0.009;-0.0051;0.0153
22/08/2018;0.0229;0.0046;-0.0018;-0.0011;0.0241
21/08/2018;-0.015;0.022;-0.011;0.001;0.0003
20/08/2018;0.0039;0.0138;0.0111;-0.0032;-0.0007
17/08/2018;-0.0103;0.0068;0.0039;-0.0015;-0.002
16/08/2018;-0.0034;0.0091;0.0124;0.0054;-0.0101
15/08/2018;-0.0194;0.0013;-0.0041;-0.002;0,0000
14/08/2018;0.0143;0,0000;0.0031;0.0027;0.0136
13/08/2018;0.0128;0.0035;-0.0003;-0.0021;0.0007
10/08/2018;-0.0286;0.0061;0.0217;-0.0041;0.0027
09/08/2018;-0.0048;0.011;0.0112;0,0000;0.0209
08/08/2018;-0.0149;0.0004;0.001;0.0002;0,0000
07/08/2018;-0.0087;0.0125;0.0149;-0.0011;-0.0238
06/08/2018;-0.0047;0.0072;-0.0083;0.0002;0.0062
03/08/2018;0.0226;-0.0097;0.0083;0.0017;0,0000
02/08/2018;0.0042;0.0048;-0.0045;0.0008;-0.0027
01/08/2018;0.001;0.0015;0.0134;-0.0026;0.0104
31/07/2018;-0.0131;0.0098;0.0116;0.0041;-0.0069
30/07/2018;0.0051;0.0009;0.0136;0.0004;0.0139
27/07/2018;0.0058;-0.0125;0.0108;-0.0009;-0.0234
26/07/2018;-0.0101;0.004;-0.0026;-0.0027;-0.0017
25/07/2018;0.0134;-0.0027;0.0003;0.0007;-0.0081
24/07/2018;0.0149;-0.0009;-0.0118;-0.001;-0.0139
23/07/2018;-0.0073;-0.0009;0.0041;-0.0009;0.0063
20/07/2018;0.014;-0.0158;-0.0015;0.0023;-0.003
19/07/2018;0.0016;-0.0044;0.0106;0.0011;-0.0163
18/07/2018;-0.0098;0.0011;-0.0002;0.0001;-0.0058
17/07/2018;0.0193;-0.0016;-0.0021;0.0039;-0.0065
16/07/2018;0.0008;0.0044;0.0033;-0.0034;0.0058
13/07/2018;0.0097;-0.0088;-0.0091;0.0014;0.002
12/07/2018;0.0196;0.0124;-0.012;-0.0055;0.0046
11/07/2018;-0.0062;0.013;0.0032;0.0032;-0.0377
10/07/2018;-0.002;-0.0075;-0.0271;-0.0024;0.0095
06/07/2018;0.0061;-0.0075;0.0097;0.0022;0.0224
05/07/2018;-0.0025;0.0135;-0.0051;0.0044;-0.0219
04/07/2018;0.0146;-0.0129;0.0024;-0.0022;0.0054
03/07/2018;0.0114;0.0102;-0.0043;0.0054;0.0022
02/07/2018;0.0011;0.0122;0.0047;0.0036;-0.0012
29/06/2018;0.0139;0.0042;0.0038;0.0068;0.0128
28/06/2018;0.0164;0.0031;-0.0009;0.0008;-0.0064
27/06/2018;-0.0111;0.0107;-0.006;0.0035;-0.0155
26/06/2018;0.0064;0.0049;-0.0147;0.0038;0.0171
25/06/2018;0.0044;-0.0136;0.0018;-0.0003;-0.0146
22/06/2018;0.0081;0.0071;0.0034;0.0015;-0.0119
21/06/2018;-0.0284;-0.0125;0.0035;0.001;0.0237
20/06/2018;0.0102;0.0128;-0.0035;0.0019;-0.0013
19/06/2018;0.0226;-0.0093;0.0129;-0.0024;-0.0371
18/06/2018;-0.0133;0.008;0.001;-0.0076;0.0254
15/06/2018;-0.0093;-0.0241;0.0043;-0.0058;0,0000
14/06/2018;-0.0097;0.0298;0.0169;-0.0043;0.0064
13/06/2018;-0.0087;-0.0017;-0.001;-0.004;-0.0025
12/06/2018;0.0062;-0.001;0.0026;-0.0014;-0.0344
11/06/2018;-0.0087;0.0036;-0.0061;-0.0018;0.0226
08/06/2018;-0.0123;-0.0513;0.015;-0.0086;0.0119
07/06/2018;-0.0298;0.0119;-0.0062;-0.0152;0.0155
06/06/2018;-0.0068;0.0267;0.0006;-0.0067;-0.0026
05/06/2018;-0.0249;0.0177;-0.0052;-0.0008;-0.0045
04/06/2018;0.0176;-0.0029;0.0184;0,0000;0.0013
01/06/2018;0.0063;0.0124;0.0001;-0.0011;0.0176
30/05/2018;0.009;0.0005;0.0003;0.0048;0.0072
29/05/2018;0.0095;0.0007;0.0035;0.0087;-0.0052
28/05/2018;-0.0449;0.0195;-0.025;-0.0099;0.0066
25/05/2018;-0.0153;0.0032;-0.0293;-0.0012;0.0127
24/05/2018;-0.0092;0.0054;0.0211;-0.0048;-0.0221
23/05/2018;-0.0226;-0.0024;0.0117;0.001;-0.0097
22/05/2018;0.0113;-0.0146;0.0088;-0.0097;0.0085
21/05/2018;-0.0152;-0.007;0.0003;-0.0051;0.0068
18/05/2018;-0.0065;0.0066;0.0012;-0.0063;-0.0023
17/05/2018;-0.0337;0.0062;0.0022;-0.0055;-0.0078
16/05/2018;0.0165;0.0082;0.0053;-0.0072;0.0212
15/05/2018;-0.0012;0.0042;0.0138;-0.0029;0.0067
14/05/2018;0.0001;0.0068;0.0041;-0.0009;-0.0066
11/05/2018;-0.0075;0.0175;-0.0019;0.0002;0.0033
10/05/2018;0.0189;-0.0037;0.0001;-0.0012;0.0068
09/05/2018;0.0158;0.0166;-0.0154;-0.0015;0.0035
08/05/2018;0.0029;0.0054;-0.0115;-0.0017;-0.0001
07/05/2018;-0.0049;0.0126;0.0171;-0.0061;0.0067
04/05/2018;-0.002;0.0123;0.0019;0,0000;0.0041
03/05/2018;-0.0149;-0.0107;0.0014;0.0004;-0.0041
02/05/2018;-0.0182;0.0092;0.0182;-0.0046;-0.008
30/04/2018;-0.0038;0.0041;0.0107;0.0049;0.0034
27/04/2018;0.0007;-0.0036;0.0042;0.0027;0.0185
26/04/2018;0.0157;0.0075;-0.0105;0.0016;0,0000
25/04/2018;-0.005;0.0073;0.0043;-0.0047;-0.0021
24/04/2018;-0.0016;-0.0079;0.0093;-0.0018;0.0069
23/04/2018;0.0006;0.0103;0.0042;-0.0013;-0.0122
20/04/2018;-0.0032;-0.001;-0.005;-0.0028;-0.0061
19/04/2018;0.0006;-0.0036;0.0017;-0.0002;0,0000
18/04/2018;0.0201;-0.0081;0.0176;-0.0015;0.0137
17/04/2018;0.0148;0.0106;0.0039;0.0006;-0.0035
16/04/2018;-0.0175;0.0044;-0.0086;-0.0023;0.0035
13/04/2018;-0.013;0.0023;-0.0018;0.0011;0,0000
12/04/2018;0.0023;0.0148;0.0108;-0.0006;0.007
11/04/2018;0.0087;-0.0127;0.0071;0.0004;0.0247
10/04/2018;0.0144;0.0145;0.0094;-0.0024;-0.0125
09/04/2018;-0.0178;0.0211;0.0037;-0.0042;0.0043
06/04/2018;-0.0046;-0.016;0.0039;0.0045;0.0119
05/04/2018;0.0101;0.0081;-0.0058;-0.0034;-0.0032
04/04/2018;-0.0031;0.0126;-0.0065;0.0002;-0.0143
03/04/2018;-0.0005;0.0182;0.0046;0.0022;0,0000
02/04/2018;-0.0082;-0.0185;0.0073;-0.0015;-0.0035
29/03/2018;0.0178;0.0061;-0.0057;0.0017;-0.0069
28/03/2018;0.0008;-0.002;-0.0042;0.0017;0.0298
27/03/2018;-0.015;-0.0105;0.0086;0.0017;0.0057
26/03/2018;0.0084;0.0264;0.007;0.003;0.0021
23/03/2018;-0.0046;-0.0204;0.0142;0.0022;-0.0036
22/03/2018;-0.0025;-0.0182;-0.0102;0.0024;-0.0057
21/03/2018;0.0097;-0.0129;0.012;-0.0006;0.0105
20/03/2018;0.003;0.0088;0.0011;0.0022;-0.0033
19/03/2018;-0.0115;-0.01;-0.004;0.001;-0.0036
16/03/2018;-0.0005;-0.0038;-0.0043;0,0000;0.007
15/03/2018;-0.013;0.0085;0.0037;0.0018;-0.0019
14/03/2018;-0.0039;-0.0055;0.0067;0.0004;-0.0015
13/03/2018;-0.0059;-0.0049;-0.0002;0.0018;0.0067
12/03/2018;0.0061;-0.0001;0.0002;0.0023;-0.0045
09/03/2018;0.0163;0.0144;0.0034;0.0027;0.001
08/03/2018;-0.0058;0.0111;-0.0018;0.0022;0.004
07/03/2018;-0.002;0.0085;0.0021;0.0007;-0.0141
06/03/2018;-0.0043;-0.0058;0.0002;-0.0003;0,0000
05/03/2018;0.003;0.0063;0.0014;-0.0007;0,0000
02/03/2018;0.0045;0.006;0.0084;-0.0029;0.0137
01/03/2018;0.0003;-0.0108;0.0028;-0.0033;0.0025
28/02/2018;-0.0182;-0.0117;-0.0035;0.0065;0.0011
27/02/2018;-0.0082;-0.0053;0.0034;-0.0006;0.0007
26/02/2018;0.0041;0.008;-0.0007;0.0014;0,0000
23/02/2018;0.007;0.0114;0.0062;0.0032;-0.0007
22/02/2018;0.0074;-0.0029;0.0022;0.0012;-0.0029
21/02/2018;0.0029;-0.0014;-0.0103;0.001;-0.0071
20/02/2018;0.0119;-0.0022;-0.001;0.0012;0.0072
19/02/2018;0.0032;0.0005;-0.0002;0.001;-0.0036
16/02/2018;0.0028;0.0038;0.0053;0.0034;0.0072
15/02/2018;0.009;0.0142;0.002;0.0007;0.0007
14/02/2018;0.0327;0.0224;0.001;-0.0001;0.0176
09/02/2018;-0.0078;-0.0145;-0.002;0.0006;-0.0145
08/02/2018;-0.0149;-0.0215;-0.0056;0.0001;0.0036
07/02/2018;-0.0134;0.012;0.0013;-0.0002;0.0051
06/02/2018;0.0248;-0.0011;0.0015;0.0001;0.0059
05/02/2018;-0.0259;-0.0219;0.0049;-0.0024;-0.0066
02/02/2018;-0.017;-0.0028;-0.0011;-0.0014;0.0066
01/02/2018;0.0069;-0.0041;0.0054;-0.004;-0.0037
31/01/2018;0.0051;0.0003;-0.0101;0.0031;-0.0166
30/01/2018;-0.0025;-0.0059;-0.0087;0.0012;0.0139
29/01/2018;-0.0097;0.0015;0.0039;-0.0016;0.0037
26/01/2018;0.0221;0.0095;0.0069;0.0061;0,0000
24/01/2018;0.0372;-0.0282;-0.0045;0.0024;-0.0096
23/01/2018;-0.0122;0.016;0.008;-0.0015;-0.0002
22/01/2018;0.0056;0.0087;0.0092;-0.0019;0.0018
19/01/2018;0.0032;-0.0034;0.0104;0.0013;0.0088
18/01/2018;-0.0028;-0.0047;0.0034;0.001;0.0081
17/01/2018;0.017;0.0091;-0.0012;0.0016;-0.0095
16/01/2018;0.001;-0.0107;0.0002;0.0037;0.0037
15/01/2018;0.0051;0.015;0.0065;-0.0005;0.0044
12/01/2018;-0.0002;0.0048;0.002;0.0022;-0.0095
11/01/2018;0.0149;-0.0003;-0.0183;0.0014;0.0059
10/01/2018;-0.0084;-0.0071;-0.0087;0.0011;-0.0007
09/01/2018;-0.0065;0.0063;0.0099;-0.0007;-0.0022
08/01/2018;0.0039;0.006;-0.0048;-0.001;0.0074
05/01/2018;0.0054;0.0041;-0.0013;-0.0015;0.0022
04/01/2018;0.0084;0.0035;-0.006;0.0004;-0.0059
03/01/2018;0.0013;-0.0002;0.0033;0.0042;0.0004
02/01/2018;0.0195;-0.0153;0.008;0.0052;0.0207
28/12/2017;0.0043;0.0029;-0.0073;0.0043;0.0053
27/12/2017;0.0048;0.0025;-0.0032;0.0062;0,0000
26/12/2017;0.0069;-0.0096;-0.0051;0.0074;0.0023
22/12/2017;0.0007;0.0073;0.0022;-0.0015;-0.0149
21/12/2017;0.0241;0.0066;0.0012;-0.0005;0.0106
20/12/2017;0.0094;0.0012;-0.0016;-0.0024;-0.003
19/12/2017;-0.006;-0.0054;0.0028;0.0012;0.0114
18/12/2017;0.007;0.0011;-0.0067;-0.0003;0.0108
15/12/2017;0.0025;-0.0008;-0.005;0.0021;-0.0144
14/12/2017;-0.0067;0.0003;-0.0116;-0.0019;0.0038
13/12/2017;-0.0122;0.0015;0,0000;0.0004;0.0077
12/12/2017;0.0139;0.0079;0.0015;0,0000;-0.0076
11/12/2017;0.0009;0.0071;-0.0051;-0.0055;-0.0038
08/12/2017;0.0034;0.004;-0.0003;0.0035;-0.0186
07/12/2017;-0.0107;0.0186;0.005;-0.0042;0.0189
06/12/2017;0.01;-0.0017;0.0041;0.0008;0.0053
05/12/2017;-0.0074;-0.0061;0.0008;0.0009;-0.0128
04/12/2017;0.0114;0.0004;0.0001;-0.001;0,0000
01/12/2017;0.0041;-0.0043;-0.0091;-0.0034;-0.0037
30/11/2017;-0.01;0.0169;-0.0045;0.0018;0.003
29/11/2017;-0.0194;0.0058;0.009;-0.0029;-0.0004
28/11/2017;0.0011;0.0044;-0.0034;0.0018;0.0125
27/11/2017;-0.0013;0.0011;0.0093;-0.0053;-0.0187
24/11/2017;-0.0044;-0.0105;0.001;0.0011;0.0068
23/11/2017;-0.0004;0.0118;-0.0025;0.0012;-0.0104
22/11/2017;-0.001;-0.0095;0.0166;0.0006;-0.0037
21/11/2017;0.0158;0.0043;0.001;0.0023;0.0135
17/11/2017;0.0128;-0.0067;-0.0057;0.0012;-0.006
16/11/2017;0.0238;-0.0067;-0.004;0,0000;0.0075
14/11/2017;-0.0227;0.0102;0.0006;-0.0002;-0.0015
13/11/2017;0.0043;-0.0034;0.0149;0.0005;-0.006
10/11/2017;-0.0105;0.0131;-0.003;-0.0032;0.0037
09/11/2017;-0.0193;-0.0066;0.0004;0.001;0.0075
08/11/2017;0.0269;-0.0047;-0.0025;0.0013;-0.0075
07/11/2017;-0.0255;0.0051;-0.0022;-0.001;0,0000
06/11/2017;0.0053;-0.0145;-0.0058;0.001;0.0038
03/11/2017;0.0012;0.0176;-0.0009;-0.005;0.0145
01/11/2017;-0.0065;0.0005;-0.0007;-0.0023;0.0038
31/10/2017;-0.0066;-0.0022;-0.0053;0.0015;-0.0106
30/10/2017;-0.0155;0.0105;-0.0006;0.0032;0.0076
27/10/2017;0.001;-0.0105;-0.0008;0.0017;0.0116
26/10/2017;-0.0101;0.0202;-0.0012;0.0009;-0.0115
25/10/2017;0.0042;-0.0085;0.0065;0.0032;0.0143
24/10/2017;0.0124;0.0058;0.0045;0.0015;-0.0179
23/10/2017;-0.0128;0.0085;0.0002;0.0018;-0.0098
20/10/2017;0.0014;0.0126;-0.0068;-0.0164;0.0176
19/10/2017;-0.004;-0.0013;-0.0036;-0.0002;-0.0114
18/10/2017;0.0051;0.0054;-0.0021;-0.0011;0,0000
17/10/2017;-0.009;-0.0025;0.0056;0.0001;0.0233
16/10/2017;-0.0013;0.0084;-0.001;-0.0015;0.0149
13/10/2017;0.0043;-0.007;0.0068;-0.0012;-0.0147
11/10/2017;-0.0031;-0.0022;-0.0077;0.0037;-0.0153
10/10/2017;0.0155;0.0011;0.011;-0.0008;0,0000
09/10/2017;-0.0043;0.0082;0.0018;0.0008;-0.0158
06/10/2017;-0.0073;0.0001;-0.0026;-0.0028;-0.0067
05/10/2017;0.0003;0.0124;0.0146;0.0005;-0.002
04/10/2017;-0.0022;-0.0036;0.0053;0.0013;0.002
03/10/2017;0.0323;-0.002;0.0032;0.0044;-0.0074
02/10/2017;0.0009;0.001;0.0019;0.0018;0.0037
29/09/2017;0.0099;-0.0006;-0.003;0.0032;0.0213
28/09/2017;-0.0031;-0.003;0.0051;-0.0003;0.0069
27/09/2017;-0.007;0.0129;0.0011;0.0006;-0.009
26/09/2017;-0.0017;0.0027;-0.0021;0.0014;-0.0001
25/09/2017;-0.0126;0.0073;-0.0015;-0.0016;0.003
22/09/2017;-0.0028;-0.0043;-0.0026;0.005;-0.003
21/09/2017;-0.0053;-0.0013;0.0039;-0.0009;-0.0075
20/09/2017;0.0004;0.001;0.0096;0.0061;0.0052
19/09/2017;-0.0002;0.0007;0.001;0.0002;0.01
18/09/2017;0.0031;0.0077;-0.0059;0.0059;-0.0076
15/09/2017;0.0147;0.0018;-0.0044;0.0071;0,0000
14/09/2017;-0.0018;-0.0065;-0.0012;0.0021;-0.0075
13/09/2017;0.0033;0.0012;-0.006;0.0029;-0.0104
12/09/2017;0.003;0.0124;-0.0019;-0.0063;0.0136
11/09/2017;0.017;0.012;0.0081;0.0069;0.0045
08/09/2017;-0.0045;-0.0047;0.0083;0.012;-0.0068
06/09/2017;0.0175;0.0004;0.0041;0.0059;0.0045
05/09/2017;0.0003;-0.0175;-0.002;0.0049;-0.0008
04/09/2017;0.0029;0.0007;0.0021;0.0019;0.0216
01/09/2017;0.0154;0.003;-0.0013;0.0069;0,0000
31/08/2017;-0.0007;0,0000;0.0027;0.0008;0,0000
30/08/2017;-0.0062;0.0033;-0.0005;0.0019;-0.0096
29/08/2017;0.0044;0.0022;-0.0032;-0.0016;-0.0049
28/08/2017;-0.0008;0.002;0.0004;0.0042;0.0154
25/08/2017;-0.0008;0.0042;0.0064;0.0002;-0.0047
24/08/2017;0.0093;0.0012;0.0095;0.0029;0.0086
23/08/2017;0.0067;-0.0133;-0.0018;0.0003;-0.0031
22/08/2017;0.0201;0.0107;-0.0072;-0.0007;0,0000
21/08/2017;-0.0012;0.009;-0.0022;0.0024;-0.0027
18/08/2017;0.0109;-0.0125;-0.0059;-0.0018;-0.0057
17/08/2017;-0.009;-0.0057;0.0018;-0.0035;0.0156
16/08/2017;0.0035;-0.0071;-0.0044;0.0033;0.0198
15/08/2017;0.001;-0.0047;-0.0053;-0.0024;0.004
14/08/2017;0.0137;0.0141;-0.0018;-0.0025;0.0016
11/08/2017;0.0055;0.0019;0.0042;0.0027;-0.0134
10/08/2017;-0.01;-0.0071;0.0032;0.0002;0.0119
09/08/2017;-0.0034;0.0068;0.0018;-0.0017;-0.0117
08/08/2017;-0.0006;0.0007;-0.0052;-0.002;0.0024
07/08/2017;0.0156;-0.0002;0.001;0.0022;0.0004
04/08/2017;0.0018;0.0055;0.0031;0.0012;-0.0028
03/08/2017;-0.0053;-0.0033;-0.0067;0.002;0.0095
02/08/2017;0.0093;-0.0011;0.0016;0.0018;-0.0133
01/08/2017;0.009;0.0038;-0.0021;-0.0012;0.0104
31/07/2017;0.0065;-0.0051;-0.0096;0.0006;0.0071
28/07/2017;0.0034;-0.0054;0.0028;0.0007;0.0109
27/07/2017;0.0041;0,0000;0.0061;0.0048;-0.0122
26/07/2017;-0.01;-0.006;0.0048;0.0006;0.0026
25/07/2017;0.0087;0.0073;0.0025;-0.0029;-0.0067
24/07/2017;0.0064;0.002;0.0046;-0.0006;0.008
21/07/2017;-0.0039;0.0025;0.0017;0.0009;-0.0032
20/07/2017;-0.0037;-0.0052;0.0014;-0.0018;-0.0048
19/07/2017;-0.0024;0.0032;0.001;0.0003;-0.0063
18/07/2017;0.0019;-0.008;-0.0024;0.0017;0,0000
17/07/2017;-0.0034;0.0011;0.0035;-0.0009;-0.0024
14/07/2017;0.004;-0.0029;-0.0047;0.0024;-0.0147
13/07/2017;0.0053;-0.0004;-0.0048;-0.0033;0.0078
12/07/2017;0.0157;-0.0044;-0.0018;0.0046;-0.0077
11/07/2017;0.0128;-0.0031;-0.0045;-0.001;-0.0107
10/07/2017;0.0113;-0.0072;0.0032;0.0005;-0.0084
07/07/2017;-0.0024;0.0011;0.0031;-0.0002;0.0038
06/07/2017;-0.0108;-0.0066;0.0065;-0.001;-0.0038
05/07/2017;-0.0012;-0.0333;-0.0047;-0.0058;-0.0083
04/07/2017;-0.0008;0.0175;-0.0042;-0.0026;0.0084
03/07/2017;0.006;0.0131;-0.0043;-0.0007;-0.0187
30/06/2017;0.0106;0.0052;-0.0048;0.0043;0.0128
29/06/2017;0.0036;-0.0024;-0.0024;0.0012;-0.0053
28/06/2017;0.0056;-0.0004;-0.0065;-0.0037;0,0000
27/06/2017;-0.0082;-0.0036;-0.0048;0.0001;0.0153
26/06/2017;0.018;-0.0112;-0.0079;-0.0008;-0.0224
23/06/2017;-0.003;0.0006;-0.0039;-0.0027;0.0121
22/06/2017;0.0084;0.0008;-0.0074;0.0022;-0.0156
21/06/2017;-0.0001;-0.0002;-0.0051;0.0035;0.0037
20/06/2017;-0.0201;0.0065;-0.0039;0.0001;0.0048
19/06/2017;0.0063;0.0085;0.0043;0.0005;0.0042
16/06/2017;-0.0048;0.001;0.0011;0.0011;-0.0156
14/06/2017;0.0015;-0.0084;-0.002;0.0037;-0.0044
13/06/2017;0.0021;0.0037;0.0039;-0.0021;0.003
12/06/2017;-0.0082;0.0055;-0.0024;-0.0029;0.0233
09/06/2017;-0.0087;0.0072;-0.0043;0.0037;0.0154
08/06/2017;-0.0066;-0.0031;0.0013;-0.0053;-0.0076
07/06/2017;0.0034;-0.0002;-0.0064;0.0013;0,0000
06/06/2017;0.0081;-0.0062;-0.0006;0.0011;-0.0083
05/06/2017;-0.001;0.0119;0.0035;-0.0068;0.0038
02/06/2017;0.0036;0.0051;0.0031;0.0043;-0.003
01/06/2017;-0.0067;0.0109;0.0052;0.0057;0.0038
31/05/2017;-0.0196;-0.0091;0.0025;0.0005;0.0077
30/05/2017;0.0032;-0.0225;0.0017;-0.0006;-0.0187
29/05/2017;-0.0051;0.0199;-0.0112;0.0015;0.023
26/05/2017;0.0136;-0.001;0.0067;0.0061;-0.0298
25/05/2017;-0.0005;0.0002;0.0075;0,0000;0.0694
24/05/2017;0.0095;0.0094;-0.003;0.0044;0.0204
23/05/2017;0.016;0.0017;0.0028;0.0024;0.0024
22/05/2017;-0.0154;0.01;-0.0021;-0.0034;-0.0024
19/05/2017;0.0169;-0.0335;-0.0001;0.0124;0.0016
18/05/2017;-0.088;0.0858;0.0129;-0.0301;-0.0073
17/05/2017;-0.0167;-0.0084;0.0029;-0.0003;0,0000
16/05/2017;0.0031;-0.0035;-0.004;0.0025;-0.0096
15/05/2017;0.0037;0.0001;-0.0068;0.0039;-0.0032
12/05/2017;0.0101;-0.0095;-0.0015;0.0052;0.004
11/05/2017;0.0028;-0.0066;0.0029;-0.0011;-0.0111
10/05/2017;0.0162;-0.0064;-0.0064;0.0004;-0.0041
09/05/2017;0.0115;-0.002;0.006;0.0018;-0.0192
08/05/2017;-0.0028;0.0058;-0.0008;-0.0002;-0.0008
05/05/2017;0.0131;-0.0001;-0.0064;0.0042;0.0008
04/05/2017;-0.0186;0.0088;-0.0005;-0.0035;0.0078
03/05/2017;-0.0094;0.0023;-0.0262;0.0029;0.0063
02/05/2017;0.0202;-0.006;0.0864;0.002;-0.0086
28/04/2017;0.0112;-0.004;0.0049;0.0053;0.0023
27/04/2017;-0.0029;0.0049;-0.0028;-0.0006;-0.0047
26/04/2017;-0.0044;0.0051;-0.0089;0.0014;0.0162
25/04/2017;0.0118;0.0133;-0.0085;-0.0025;-0.019
24/04/2017;0.0099;0.0006;-0.0015;0.0013;-0.0039
20/04/2017;0.0056;0.0082;-0.0079;-0.0006;0.0157
19/04/2017;-0.0117;0.0088;-0.0025;-0.0007;0.0119
18/04/2017;-0.0027;0.0011;0.0055;0.0004;-0.0118
17/04/2017;0.024;-0.0051;-0.0005;-0.0009;0.0083
13/04/2017;-0.0167;-0.0031;0.0092;0.0007;0.0173
12/04/2017;-0.0073;-0.0052;-0.0074;0.001;-0.0016
11/04/2017;-0.0045;-0.0012;-0.0081;0.001;0.0048
10/04/2017;0.0009;-0.0026;0.007;-0.0003;-0.0088
07/04/2017;0.0058;0.0018;-0.0026;0.0017;0.004
06/04/2017;-0.0085;0.0111;0.0086;0.0023;-0.0048
05/04/2017;-0.0151;0.0028;0.0104;-0.0003;-0.0025
04/04/2017;0.0085;-0.0048;-0.0064;0.0014;-0.0007
03/04/2017;0.0035;-0.0005;0.0051;-0.009;0.0162
31/03/2017;-0.0043;-0.0116;0.0109;0.0033;-0.0056
30/03/2017;-0.004;0.0104;-0.0025;0.0046;0.0131
29/03/2017;0.0137;-0.0065;-0.0075;-0.0032;0.0132
28/03/2017;0.0052;0.0118;-0.0062;-0.0009;0,0000
27/03/2017;0.0071;-0.0026;0.0012;-0.0045;-0.0037
24/03/2017;0.0051;-0.0026;0.0005;-0.0006;-0.0045
23/03/2017;0.0001;0.0102;0.0034;-0.0022;0.0083
22/03/2017;0.0086;0.0057;0.0046;0.0021;-0.0066
21/03/2017;-0.0293;-0.0079;0.0077;-0.0033;0.0108
20/03/2017;0.0105;-0.0123;-0.0099;-0.0007;-0.0021
17/03/2017;-0.0239;-0.0045;0.0021;-0.0017;-0.0078
16/03/2017;-0.0068;-0.0013;-0.0163;0.0046;-0.0057
15/03/2017;0.0237;-0.0097;0.014;0.0003;0.0132
14/03/2017;-0.0127;0.0042;0.0006;-0.0002;-0.0074
13/03/2017;0.0133;0.0023;-0.0024;-0.0015;-0.0162
10/03/2017;0.0014;-0.0141;0.0015;0.002;0.0016
09/03/2017;-0.0021;0.0092;-0.0008;-0.0006;-0.0056
08/03/2017;-0.0156;0.0175;0.0011;-0.0024;0,0000
07/03/2017;-0.009;-0.0127;0.01;0.0026;0.0147
06/03/2017;-0.0067;0.0037;0.0057;-0.0013;0.0066
03/03/2017;0.0141;-0.0101;-0.0043;0.0051;-0.0057
02/03/2017;-0.0169;0.0135;-0.0057;-0.0017;-0.0008
01/03/2017;0.0049;0.0092;-0.0002;0.0025;-0.0033
24/02/2017;-0.0118;0.0166;-0.0174;0.0091;0.0066
23/02/2017;-0.0164;-0.0011;-0.0003;0.0006;0.0116
22/02/2017;-0.0067;-0.0127;0.0031;0.0072;-0.0033
21/02/2017;0.0076;0.0034;-0.0026;0.0021;-0.0082
20/02/2017;0.0116;0.0065;-0.0035;0.0029;-0.0081
17/02/2017;-0.001;0.0031;0.0082;0.004;-0.004
16/02/2017;-0.0024;0.0079;0.0094;-0.0009;0.0101
15/02/2017;0.0189;-0.0019;0.0024;0.0008;-0.0002
14/02/2017;-0.0038;-0.0052;-0.0081;0.0063;-0.0073
13/02/2017;0.0128;0.0041;0.0073;0.0054;0.0182
10/02/2017;0.0179;-0.0028;0.0052;-0.0006;0.0083
09/02/2017;0.002;0.0108;-0.0005;0.0015;-0.0034
08/02/2017;0.0099;-0.0008;0.0116;0.0018;-0.0105
07/02/2017;0.0032;0.0019;-0.006;0.0008;0.0274
06/02/2017;-0.0148;-0.0028;-0.0047;0.0001;-0.0129
03/02/2017;0.0058;0.0083;0.0017;0.0028;-0.0017
02/02/2017;-0.004;-0.0028;-0.001;0.0042;-0.0188
01/02/2017;0.0026;-0.0043;0.0144;-0.0005;-0.0041
31/01/2017;0.0057;0.006;-0.0087;0.0042;0,0000
30/01/2017;-0.0262;-0.0119;-0.0073;0.0014;-0.004
27/01/2017;-0.0024;-0.0131;-0.0055;0.0005;-0.012
26/01/2017;0.0053;0.0103;0.0006;-0.0021;0.0081
24/01/2017;0.0014;0.0094;-0.001;-0.001;0,0000
23/01/2017;0.019;-0.0063;-0.0022;0.0037;0.0081
20/01/2017;0.0089;-0.006;-0.0016;0.0016;0.0182
19/01/2017;-0.0031;-0.0074;0.004;0.0011;-0.0041
18/01/2017;-0.0032;0.004;-0.002;0.0024;-0.0025
17/01/2017;0.0082;-0.0185;0.0014;0.0021;0.0017
16/01/2017;0.0028;0.0144;-0.009;0.0023;0.008
13/01/2017;-0.0047;0.0099;0.0067;0.0061;-0.0031
12/01/2017;0.0241;-0.0025;-0.0015;0.0047;0.0058
11/01/2017;0.0051;0.0007;-0.0089;0.0005;-0.0083
10/01/2017;0.007;-0.0027;-0.0065;0.0046;0.0092
09/01/2017;0.0006;-0.0113;0.0038;-0.0031;0.0101
06/01/2017;-0.0065;0.0138;0.0011;0.0034;-0.0018
05/01/2017;0.0078;-0.009;0.0013;-0.0003;0.0002
04/01/2017;-0.0036;-0.0041;-0.0097;0.0001;0.0042
03/01/2017;0.0373;-0.0304;-0.0061;0.0008;0.0067
02/01/2017;-0.0106;0.0353;-0.003;0.0042;-0.015
29/12/2016;0.0075;-0.0059;0.0035;0.0034;-0.0042
28/12/2016;0.0185;-0.0078;-0.0042;-0.0016;-0.0115
27/12/2016;0.0013;-0.0152;0.0062;0.0004;-0.0102
26/12/2016;0.0118;0.0194;0.0118;0.0044;-0.0045
23/12/2016;0.0119;-0.0044;-0.0153;-0.0027;0.0082
22/12/2016;-0.0068;-0.0128;0.0074;-0.0001;-0.0137
21/12/2016;0.0011;-0.0118;-0.0056;0.0058;0.0049
20/12/2016;0.0083;-0.0019;0.0012;0.0008;-0.0096
19/12/2016;-0.0219;-0.0047;-0.0022;-0.0019;-0.0103
16/12/2016;-0.0001;0.0044;-0.0063;0.0002;-0.0094
15/12/2016;0.0032;-0.001;-0.0092;0.0032;0,0000
14/12/2016;-0.018;0.0061;-0.003;-0.0002;0,0000
13/12/2016;0.0017;0.007;0.0042;-0.0046;-0.0132
12/12/2016;-0.0219;-0.0124;0,0000;0.0019;-0.0137
09/12/2016;-0.0029;0.0061;-0.0056;0.006;0.0076
08/12/2016;-0.012;-0.0003;-0.0001;0.0008;0.0197
07/12/2016;0.0053;0.0056;0.0023;-0.0002;-0.0155
06/12/2016;0.021;-0.0003;0.0002;0.002;0.0039
05/12/2016;-0.008;-0.0097;-0.0182;-0.0039;-0.0115
02/12/2016;0.0136;0.0042;0.0002;0.0016;0.0101
01/12/2016;-0.0388;0.0178;-0.0086;-0.0005;-0.0017
30/11/2016;0.0151;-0.0062;-0.0057;0.0011;-0.0029
29/11/2016;-0.0297;0.004;0.002;0.0013;-0.0054
28/11/2016;0.0211;-0.0069;-0.0035;0.0014;-0.0091
25/11/2016;0.0027;0.01;0.022;-0.0003;-0.0135
24/11/2016;-0.0095;0,0000;-0.0071;-0.0005;-0.0104
23/11/2016;0.0005;0.0102;-0.0106;-0.003;0.003
22/11/2016;0.0145;0.0039;-0.0048;0.0043;0,0000
21/11/2016;0.0185;-0.0024;-0.0044;-0.0047;-0.0111
18/11/2016;0.0032;-0.0123;0.0033;-0.0015;0.0344
17/11/2016;-0.0163;0.0019;-0.0134;0.0019;0.0077
16/11/2016;0.0185;0.0052;-0.0071;-0.0009;-0.0099
14/11/2016;0.008;0.0124;-0.0015;-0.005;-0.0274
11/11/2016;-0.033;-0.0051;0.0084;-0.0043;0.0037
10/11/2016;-0.0325;0.0554;0.0116;-0.0067;0.0113
09/11/2016;-0.014;0.031;-0.0027;-0.002;0.027
08/11/2016;0.0017;-0.006;0.0019;-0.0014;-0.0038
07/11/2016;0.0398;0.0093;-0.0083;-0.0035;0.0156
04/11/2016;-0.0025;-0.0024;0.0086;0.0005;0.0079
03/11/2016;-0.0249;-0.0072;0.0018;-0.0046;0.0079
01/11/2016;-0.0246;0.0033;0.0135;0.0018;0,0000
31/10/2016;0.0096;-0.001;-0.0012;0.0037;-0.0195
28/10/2016;0.0009;0.0082;-0.0118;0.0052;0.0039
27/10/2016;0.0066;0.0053;-0.004;0.003;-0.0047
26/10/2016;-0.0006;0.007;-0.0038;0.0033;0.0047
25/10/2016;-0.003;-0.0069;-0.0076;0.0019;0,0000
24/10/2016;-0.0008;-0.0053;0.002;0.0029;0,0000
21/10/2016;0.0042;0.0029;0.0385;0.0017;-0.0027
20/10/2016;0.0052;-0.0078;0.0262;0.0015;-0.0011
19/10/2016;-0.0043;-0.0048;0.0073;0.0023;-0.0016
18/10/2016;0.0173;0.0011;0,0000;0.0039;-0.0062
17/10/2016;0.015;-0.0028;-0.0131;0.0028;0,0000
14/10/2016;0.0106;0.0073;0.0043;0.0042;-0.0046
13/10/2016;0.0016;-0.0071;0.008;-0.0001;-0.0203
11/10/2016;-0.0105;-0.0145;0.0076;-0.0008;-0.0126
10/10/2016;0.0092;0.0006;-0.0001;0.0025;-0.0324
07/10/2016;0.0077;-0.0046;0.0123;0.0004;0.0124
06/10/2016;0.0065;0.0035;0.0067;-0.0005;0.0059
05/10/2016;0.0154;-0.0072;0.0008;0.0028;-0.0051
04/10/2016;-0.0021;0.0115;-0.0038;-0.0032;-0.0051
03/10/2016;0.0187;-0.0178;-0.0089;0.0003;-0.0007
30/09/2016;0.0003;0.0033;-0.0004;0.0033;0,0000
29/09/2016;-0.0169;0.0007;-0.0061;0.0037;0.0073
28/09/2016;0.0167;0.0024;-0.0023;0.0012;0.0051
27/09/2016;0.0057;0.0018;-0.0028;0.0042;-0.0084
26/09/2016;-0.011;-0.0076;0.0031;0.0016;0.0033
23/09/2016;-0.005;-0.0004;-0.007;0.0053;-0.02
22/09/2016;0.0103;0.0123;-0.0015;0.0032;-0.0064
21/09/2016;0.0114;-0.0057;0.0003;-0.0001;0.0122
20/09/2016;0.0067;-0.0067;-0.0003;0.0003;0.0146
19/09/2016;0.0047;0.0048;-0.0054;0.0037;-0.0115
16/09/2016;-0.0143;-0.0162;-0.0015;-0.0012;0.0117
15/09/2016;0.0149;-0.0014;0.0048;-0.001;-0.0072
14/09/2016;0.0042;0.007;-0.0042;0.0035;0,0000
13/09/2016;-0.0301;0.008;-0.0038;-0.0023;0.0073
12/09/2016;0.0101;0.0028;0.007;-0.0019;0.0037
09/09/2016;-0.0371;-0.0045;-0.0074;-0.0018;0.0145
08/09/2016;0.0017;0.0012;0.0036;0.0032;-0.0179
06/09/2016;0.0095;-0.0089;-0.0013;-0.0014;-0.0036
05/09/2016;-0.0008;0.0001;0.0049;0.0001;0.0073
02/09/2016;0.0237;0.0038;0.0071;0.0076;0,0000
01/09/2016;0.0058;0.0052;-0.0121;-0.0037;-0.013
31/08/2016;-0.0115;-0.0047;-0.0041;0.0025;0.0139
30/08/2016;-0.0006;-0.0014;-0.0029;0.0001;-0.0094
29/08/2016;0.0155;-0.0041;-0.0112;0.0023;-0.0129
26/08/2016;-0.0001;0.0113;-0.0097;0.0038;0.0109
25/08/2016;0.0001;-0.0012;0.0019;0.0018;0.0051
24/08/2016;-0.0052;-0.0064;0.0088;0.0016;0.0208
23/08/2016;0.0041;0.0102;0.0036;-0.0006;-0.011
22/08/2016;-0.0223;-0.0007;0.0066;-0.0008;0.0037
19/08/2016;-0.0011;-0.0107;0.022;0.0046;0.0067
18/08/2016;-0.0027;0.0116;-0.016;0,0000;-0.0022
17/08/2016;0.008;0.0056;-0.0082;-0.0078;-0.0088
16/08/2016;-0.0049;-0.005;0.0089;-0.0008;0.0081
15/08/2016;0.0145;0.0056;-0.0013;0.0015;-0.0357
12/08/2016;0,0000;0.0133;0.0021;0.0023;-0.0021
11/08/2016;0.0242;0.0085;-0.0038;-0.0015;-0.0141
10/08/2016;-0.0133;-0.0085;-0.0027;0.0002;0.0078
09/08/2016;0.0009;-0.0049;0.0143;-0.0012;0.0064
08/08/2016;-0.0004;-0.0018;-0.0051;0.0014;-0.0014
05/08/2016;0.0012;0,0000;-0.0016;0.0003;0.0108
04/08/2016;0.0091;-0.0137;0.01;0.0044;0.0122
03/08/2016;0.0163;-0.0045;-0.0034;0.0003;-0.0049
02/08/2016;-0.0105;-0.0068;-0.0032;0.004;0.0008
01/08/2016;-0.0096;0.0062;0.0016;-0.0006;-0.0079
29/07/2016;0.0113;-0.016;-0.001;-0.0001;0.0182
28/07/2016;-0.0033;0.0109;0.0157;0.0004;-0.0185
27/07/2016;0.0012;-0.0016;0.0024;0.0041;0.0043
26/07/2016;-0.0016;-0.0043;0.0022;-0.0017;-0.0099
25/07/2016;-0.0023;0.0057;0.0076;0.0036;0.0152
22/07/2016;0.0064;-0.0027;0.002;0.0058;-0.0227
21/07/2016;0.0011;0.0066;-0.0064;0.003;0.0071
20/07/2016;-0.0021;0.0022;-0.0084;0.0055;-0.021
19/07/2016;0.0038;0.0001;-0.0028;0.009;-0.0111
18/07/2016;0.0163;-0.0041;-0.0101;0.0071;-0.0096
15/07/2016;0.0018;0.0029;-0.0168;0.0071;0.0104
14/07/2016;0.0162;0.0019;0.0075;0.0037;0.0105
13/07/2016;0.0063;-0.0068;-0.0053;0.0006;0.0214
12/07/2016;0.0055;0.0018;0.0084;-0.0002;0.013
11/07/2016;0.0154;0.0076;-0.0107;0.0019;0.0162
08/07/2016;0.0216;-0.0038;-0.0024;0.0037;-0.0037
07/07/2016;0.0022;0.0076;0.0009;0.0012;-0.018
06/07/2016;0.0011;0.0152;-0.0009;-0.0016;-0.0347
05/07/2016;-0.0138;0.0211;-0.0011;0.0002;0.0105
04/07/2016;0.0064;-0.006;0.0083;-0.0009;0.0532
01/07/2016;0.0137;0.0085;0.0022;0.0057;-0.0301
30/06/2016;0.0103;0.0046;-0.0088;0.0016;0.0036
29/06/2016;0.0199;-0.0036;0.0051;0.0017;-0.0064
28/06/2016;0.0155;-0.0074;-0.0007;0.0021;-0.0148
27/06/2016;-0.0172;-0.0133;0.0107;-0.0004;-0.0063
24/06/2016;-0.0282;-0.027;-0.0178;-0.0007;-0.0007
23/06/2016;0.028;0.0014;0.0045;-0.0009;0,0000
22/06/2016;-0.0134;-0.0094;-0.0085;-0.0003;-0.0042
21/06/2016;0.0101;0.0026;0.0019;-0.0007;0.0257
20/06/2016;0.0161;0.0011;-0.0126;0.0008;0.0145
17/06/2016;0.0025;-0.0179;0.0044;-0.0007;0.0147
16/06/2016;0.0102;0.0038;0.0103;-0.001;-0.0109
15/06/2016;0.0055;-0.0052;0.0131;0.0016;-0.0108
14/06/2016;-0.0204;-0.0019;0.0056;-0.0039;-0.0092
13/06/2016;0.0048;0.0069;0.0062;-0.0021;0.0159
10/06/2016;-0.0332;0.0005;-0.0104;0.0036;-0.01
09/06/2016;-0.0099;0.006;-0.025;0.0013;-0.0057
08/06/2016;0.0226;-0.0186;-0.0197;0.0086;0.0152
07/06/2016;0.0011;-0.0114;0.0048;-0.0053;-0.0157
06/06/2016;-0.0037;-0.0047;0.0071;0.006;-0.0057
03/06/2016;0.0147;-0.0184;-0.0103;0.0003;0.0158
02/06/2016;0.0178;0.0005;-0.0004;0.0011;-0.0246
01/06/2016;0.0112;-0.0049;0.0018;0.0032;0.0056
31/05/2016;-0.0101;-0.0045;-0.0156;0.0018;-0.0139
30/05/2016;-0.0018;0.0038;-0.0152;0.0043;-0.0021
27/05/2016;-0.0087;0.0099;0.0039;0.001;0.0141
25/05/2016;0.0028;0.0108;-0.002;0.0006;0,0000
24/05/2016;0.0003;0.0147;0.0089;0.0025;-0.007
23/05/2016;-0.0079;0.013;0.0079;-0.0037;0.0142
20/05/2016;-0.0082;-0.006;0.0131;0.0025;0.0079
19/05/2016;-0.0085;-0.0032;-0.0024;-0.0052;-0.0007
18/05/2016;-0.0055;0.021;-0.0244;-0.0005;-0.0223
17/05/2016;-0.0186;-0.0129;-0.0101;0.0025;-0.0042
16/05/2016;0,0000;0.0042;-0.0088;0.007;-0.0083
13/05/2016;-0.027;0.0042;-0.0154;0.0061;0.0035
12/05/2016;0.009;0.0093;-0.0046;0.0082;-0.0103
11/05/2016;-0.0058;-0.0004;0.0049;0.0037;0.0174
10/05/2016;0.0408;-0.0157;-0.0013;0.0079;0.0035
09/05/2016;-0.0141;0.0036;-0.0047;-0.0046;0.0142
06/05/2016;0.0009;-0.0067;0.0102;0.0044;0.0071
05/05/2016;-0.0168;-0.0013;0.0088;0.0033;0,0000
04/05/2016;0.0056;-0.0118;-0.0047;-0.004;0,0000
03/05/2016;-0.0243;0.0113;0.0068;-0.0032;-0.0134
02/05/2016;-0.0065;0.0249;-0.0162;0.0026;0.0028
29/04/2016;-0.0074;-0.0209;0.018;0.0028;0.0078
28/04/2016;-0.003;-0.0183;0.0094;0.0041;-0.0154
27/04/2016;0.0263;0.0022;0.0001;0.0043;0.0186
26/04/2016;0.0235;-0.005;-0.0002;0.0066;0.0182
25/04/2016;-0.0198;-0.0068;0.0047;0.0026;-0.0214
22/04/2016;-0.0135;0.0048;0.0067;0.0014;0.0032
20/04/2016;-0.0015;0.0014;-0.0037;0.0036;-0.0067
19/04/2016;0.0154;-0.0392;-0.0174;-0.0003;-0.014
18/04/2016;-0.0063;0.0871;0.0007;0.002;-0.0265
15/04/2016;0.0156;-0.0217;0.0019;0.0088;0.0287
14/04/2016;-0.0139;-0.0306;-0.0029;0.0017;-0.0142
13/04/2016;0.0221;0.0386;-0.0043;0.0055;0.0201
12/04/2016;0.0366;0.003;0.016;0.0052;0.029
11/04/2016;-0.0025;-0.0249;0.014;-0.0013;-0.0383
08/04/2016;0.0367;-0.0212;-0.0138;0.0049;0.0042
07/04/2016;0.0087;-0.0008;-0.0086;-0.0037;-0.0076
06/04/2016;-0.0195;0.0016;-0.0001;0.0019;0.0119
05/04/2016;0.0056;0.0066;-0.0048;-0.002;-0.0084
04/04/2016;-0.0352;0.012;-0.01;-0.0041;-0.0042
01/04/2016;0.0101;-0.0024;0.0092;0.0011;0.0007
31/03/2016;-0.0233;-0.0086;-0.001;0.0048;0,0000
30/03/2016;0.0018;-0.0018;-0.0102;-0.0009;0.0035
29/03/2016;0.0062;0.0112;0.0178;0.0071;-0.0205
28/03/2016;0.0238;-0.0127;0.0043;0.0098;-0.0233
24/03/2016;-0.0007;0.0071;-0.0086;-0.0025;0.0074
23/03/2016;-0.0259;0.007;0.0006;0.0035;0.034
22/03/2016;-0.0032;-0.0067;0.0035;0.0101;-0.0035
21/03/2016;0.007;0.0112;-0.0303;-0.0034;-0.0203
18/03/2016;-0.0019;-0.0138;-0.0145;0.0087;0,0000
17/03/2016;0.066;-0.0196;0.0047;0.0113;-0.0453
16/03/2016;0.0134;0.002;0.0046;-0.0015;0.0065
15/03/2016;-0.0356;0.028;0.0198;-0.0041;0.022
14/03/2016;-0.0155;0.0184;0.002;0.0071;-0.0196
11/03/2016;0.0014;0.0054;0.0059;0.0045;-0.0085
10/03/2016;0.0186;-0.0171;-0.0146;0.0032;-0.0096
09/03/2016;-0.0089;-0.0174;-0.0156;0.0057;-0.0145
08/03/2016;-0.0029;-0.0154;0.0077;0.0005;0.0147
07/03/2016;0.0033;0.0079;-0.0146;0.0004;-0.0019
04/03/2016;0.0401;-0.006;0.0114;0.0119;0.0019
03/03/2016;0.0512;-0.0221;0.0127;0.0054;0.0052
02/03/2016;0.0175;-0.0041;-0.0043;0.007;0.0144
01/03/2016;0.031;-0.0005;0.0023;-0.0008;-0.0377
29/02/2016;0.0289;-0.0037;-0.0082;0.0009;0.0063
26/02/2016;-0.007;0.0101;-0.0429;0.0056;0.0194
25/02/2016;-0.0047;0.012;0.0259;0.0045;-0.0252
24/02/2016;-0.0103;0.0052;0.0242;0.0081;0.0265
23/02/2016;-0.0165;-0.0105;-0.0009;-0.0025;-0.0134
22/02/2016;0.0407;-0.0028;-0.0117;0,0000;-0.0126
19/02/2016;0.0016;-0.0098;-0.0091;0.0029;0.06
18/02/2016;-0.0037;0.0127;-0.0205;-0.0014;0.0309
17/02/2016;0.0167;-0.0032;0.0026;-0.0022;0.0104
16/02/2016;0.0213;0.0134;0.0141;0.007;0.0141
15/02/2016;0.0072;0.0202;-0.0342;-0.0046;-0.0139
12/02/2016;0.0125;0.022;-0.0156;-0.0026;0.0014
11/02/2016;-0.0262;-0.0044;-0.02;-0.001;0.0127
10/02/2016;-0.0053;0.0021;0.0029;0.0023;-0.0241
05/02/2016;-0.0056;-0.012;0.0055;-0.0014;-0.0136
04/02/2016;0.0311;-0.0003;0.0045;-0.0012;0.0151
03/02/2016;0.0257;-0.0231;-0.0125;0.0117;0.0021
02/02/2016;-0.0487;-0.0168;0.0054;-0.0008;-0.0333
01/02/2016;0.0041;-0.0001;0.0017;0.0032;0.0211
29/01/2016;0.046;0.0004;-0.0216;0.013;0.0382
28/01/2016;0.0066;0.0087;0.01;-0.0023;-0.007
27/01/2016;0.0234;-0.0063;-0.0057;-0.0058;0,0000
26/01/2016;-0.014;-0.014;0.0026;-0.0083;-0.0035
22/01/2016;0.0083;0.0062;0.0082;-0.0046;-0.0104
21/01/2016;0.0019;0.0279;-0.0001;0.0015;0.0014
20/01/2016;-0.0108;-0.0127;0.0063;-0.0093;-0.0014
19/01/2016;0.0032;-0.0051;0.0058;-0.0065;0.0212
18/01/2016;-0.0164;0.0115;0.0112;0.0029;-0.0139
15/01/2016;-0.0236;-0.0163;0.0084;-0.003;0.025
14/01/2016;0.0143;0.008;-0.0229;-0.0144;0.016
13/01/2016;-0.0144;-0.0158;-0.009;-0.0037;-0.0086
12/01/2016;-0.0109;0.0065;-0.0017;0.0034;0.0258
11/01/2016;-0.0163;-0.0075;-0.011;-0.0061;0.0112
08/01/2016;-0.002;-0.0123;-0.01;-0.0035;0.0221
07/01/2016;-0.0258;-0.0134;0.0097;-0.0075;-0.0325
06/01/2016;-0.0152;-0.0108;-0.0127;0.0036;-0.0145
05/01/2016;0.0066;-0.0013;-0.0007;-0.0043;-0.0108
04/01/2016;-0.0279;-0.0082;-0.0057;-0.0077;0.0374
30/12/2015;-0.007;0.0153;-0.0078;-0.0047;0.0244
29/12/2015;-0.0025;0.0128;0.0171;-0.0005;-0.0311
28/12/2015;-0.0057;-0.0257;0.0138;0.007;0.0173
23/12/2015;0.0125;0,0000;-0.0015;0.0008;0.0053
22/12/2015;0.0062;0.007;-0.0009;0.0037;0.0193
21/12/2015;-0.0162;0.0134;0.0045;-0.0004;0.0237
18/12/2015;-0.0298;-0.0032;0.009;0.0035;-0.0307
17/12/2015;0.0055;-0.0108;-0.0108;0.0176;0.0038
16/12/2015;0.0032;0.0169;0.0036;-0.0484;0.0039
15/12/2015;0.0028;0.0184;-0.0024;0.0002;0.0205
14/12/2015;-0.0114;-0.0027;-0.0056;-0.0013;-0.0238
11/12/2015;-0.0081;0.0025;0.0043;-0.003;-0.0114
10/12/2015;-0.0104;0.0163;0.0047;-0.0014;-0.0038
09/12/2015;0.0375;-0.0247;-0.0067;0.001;0.0233
08/12/2015;-0.0172;0.0125;0.0343;0.0002;0.0077
07/12/2015;-0.003;-0.0042;0,0000;0.004;-0.0138
04/12/2015;-0.0223;0.0163;0.0144;0.0007;0.018
03/12/2015;0.0329;-0.0379;-0.0177;-0.0087;0.0024
02/12/2015;-0.0029;-0.0088;-0.0084;0.0055;-0.0436
01/12/2015;-0.0016;-0.0066;-0.0029;-0.0049;0.0239
30/11/2015;-0.0164;0.0251;-0.0035;0.0033;-0.0084
27/11/2015;-0.027;0.0088;-0.0015;-0.0032;-0.0076
26/11/2015;0.006;0.0005;0.0197;-0.0036;0,0000
25/11/2015;-0.0294;0.0147;0.0034;-0.0041;0.0065
24/11/2015;0.0028;-0.0065;-0.0109;0.0014;0.0011
23/11/2015;0.0002;0.0025;0.0169;-0.0002;-0.0038
19/11/2015;0.0148;-0.0076;-0.0082;0.0048;-0.0038
18/11/2015;0.004;-0.0036;0.0124;-0.0007;0,0000
17/11/2015;0.0086;0.0088;0.0229;0.002;-0.0222
16/11/2015;0.0071;-0.0001;0.0028;0.0073;-0.0146
13/11/2015;-0.0078;0.0048;-0.009;0.0001;0.0133
12/11/2015;-0.0039;-0.0098;0.0119;-0.0012;-0.036
11/11/2015;0.0186;-0.0026;-0.0026;0.0005;-0.0088
10/11/2015;0.0003;-0.0017;-0.0104;0.0031;-0.0275
09/11/2015;-0.0154;-0.0019;-0.0149;-0.0012;-0.0021
06/11/2015;-0.0235;-0.0034;-0.0052;0.0014;0.0056
05/11/2015;0.0071;-0.0079;0.0062;0.001;-0.0102
04/11/2015;-0.0071;0.0018;0.0296;0,0000;0.0082
03/11/2015;0.0476;-0.0085;-0.0055;0.0051;-0.0116
30/10/2015;0.0053;-0.001;-0.0022;-0.0008;0.0171
29/10/2015;-0.0238;-0.0122;0.0164;0.0051;-0.0087
28/10/2015;-0.0064;0.0105;-0.004;0.0014;-0.0014
27/10/2015;-0.0035;-0.0069;0.0061;0.0006;0.0174
26/10/2015;-0.0081;0.0048;-0.0116;0.0024;-0.0198
23/10/2015;-0.0037;0.0073;-0.0127;-0.0011;0.0097
22/10/2015;0.0159;0.0024;-0.0034;0.0025;0.0507
21/10/2015;-0.0011;0.025;-0.0074;-0.0014;-0.0143
20/10/2015;-0.0078;-0.0123;0.0083;0.0013;-0.0106
19/10/2015;0.0045;0.0043;0.0007;0.0004;-0.0035
16/10/2015;0.0016;0.0055;0.018;-0.0006;-0.0105
15/10/2015;0.0096;0.0237;-0.0172;-0.0021;0,0000
14/10/2015;-0.0138;-0.0152;0.0014;0.0009;0.0177
13/10/2015;-0.04;0.02;-0.0034;-0.002;-0.0414
09/10/2015;0.0047;-0.0064;0.0044;0.0017;-0.0028
08/10/2015;0.0039;-0.0063;0.0055;0.0015;0.0222
07/10/2015;0.0247;0.0194;-0.0115;0.004;-0.0116
06/10/2015;0.0029;-0.0239;-0.012;0,0000;-0.0234
05/10/2015;0.012;0.0102;-0.0188;-0.0001;0.017
02/10/2015;0.038;-0.0005;0.0137;0.0016;0.018
01/10/2015;0.0056;0.0082;-0.0081;0.0058;0.0028
30/09/2015;0.021;-0.0026;0.0138;0.0052;0.0286
29/09/2015;0.004;-0.0101;-0.0104;0.0036;0.0234
28/09/2015;-0.0195;0.0086;-0.0095;-0.0073;0.0059
25/09/2015;-0.0102;-0.0018;-0.0007;0.0036;0.0074
24/09/2015;-0.0011;-0.0501;0.0189;-0.0078;-0.0153
23/09/2015;-0.02;0.0239;-0.0092;-0.0062;0.0022
22/09/2015;-0.007;0.0072;0.015;-0.0032;0.021
21/09/2015;-0.0143;0.012;0.0025;-0.0052;-0.022
18/09/2015;-0.0265;0.0004;-0.0043;-0.0056;-0.0101
17/09/2015;0,0000;0.0101;0.0067;0.0016;0.0321
16/09/2015;0.0251;-0.0013;0.0231;0.0005;-0.0081
15/09/2015;0.0017;0.0283;-0.0294;0.0029;0.0015
14/09/2015;0.019;-0.0188;0.012;0.0005;0.0266
11/09/2015;-0.0022;0.003;-0.0132;-0.0046;0.0104
10/09/2015;-0.0033;0.0259;-0.0147;-0.0077;0.0168
09/09/2015;-0.0022;-0.0181;-0.0217;-0.0034;-0.0078
08/09/2015;0.0057;0.0094;0.0054;0.0002;-0.0257
04/09/2015;-0.0183;0.0161;0.0017;-0.0017;0.0111
03/09/2015;0.0194;0.0016;-0.0351;-0.0003;0.0151
02/09/2015;0.0217;0.038;0.0267;-0.0012;0.0134
01/09/2015;-0.0246;-0.0131;0.0157;-0.0041;0.0071
31/08/2015;-0.0112;0.003;-0.0589;0.0001;0.0235
28/08/2015;-0.0118;0.0079;0.0221;0.0014;-0.0024
27/08/2015;0.0364;0.0095;0.0152;0.0043;0.0008
26/08/2015;0.0335;0.0233;0.0152;0.0003;-0.0104
25/08/2015;0.0047;0.0145;0.0205;-0.0013;0.0024
24/08/2015;-0.0303;-0.0236;0.0026;-0.0004;0.0008
21/08/2015;-0.0199;-0.0221;0.0144;0.0004;0.0315
20/08/2015;0.0013;-0.0265;-0.006;0.0021;-0.0098
19/08/2015;-0.0182;0.0005;-0.0014;-0.002;-0.0041
18/08/2015;0.0049;-0.0086;-0.0012;-0.0017;0.0183
17/08/2015;-0.0061;0.0043;0,0000;0.0016;-0.0017
14/08/2015;-0.0104;-0.0051;0.0218;-0.0009;0.0084
13/08/2015;-0.0078;0.0112;-0.0041;0.0002;0,0000
12/08/2015;-0.0139;-0.0058;0.0011;-0.0006;0.0214
11/08/2015;-0.0057;0.0084;0.006;-0.0013;0.0043
10/08/2015;0.016;-0.0081;0.012;0.0024;-0.0292
07/08/2015;-0.0287;-0.0113;0.016;-0.0032;0.0178
06/08/2015;-0.0055;0.0079;0.0071;-0.0056;0.0155
05/08/2015;0.0046;0.0112;0.0189;-0.0018;0.0096
04/08/2015;-0.0016;0.0031;0.0066;-0.0036;0.0115
03/08/2015;-0.0143;0.003;-0.0212;0.0009;0.0197
31/07/2015;0.0194;0.0118;0.0278;0.0028;-0.0133
30/07/2015;-0.0069;0.014;-0.0042;-0.0006;-0.0259
29/07/2015;0.013;-0.0061;0.0171;0.0009;0.0061
28/07/2015;0.0178;0.0161;0.0042;-0.0014;-0.006
27/07/2015;-0.0104;-0.0014;-0.0028;0.0002;0,0000
24/07/2015;-0.0113;0.0057;0.0011;-0.0029;-0.0051
23/07/2015;-0.0218;0.0144;0.0019;-0.0035;-0.016
22/07/2015;-0.0108;0.0141;-0.0005;0.0004;-0.0084
21/07/2015;-0.0024;0.0034;-0.0089;-0.0001;0.017
20/07/2015;-0.0142;-0.013;0.0071;-0.0013;-0.0042
17/07/2015;-0.0137;0.0154;-0.0028;-0.0007;-0.0224
16/07/2015;0.0032;0.012;0.0005;0.0016;0.0496
15/07/2015;-0.0063;-0.0024;-0.0077;0.003;-0.0254
14/07/2015;0.0023;0.0161;-0.0047;-0.0008;-0.0075
13/07/2015;0.0101;-0.0086;0.0143;0.0025;0.0075
10/07/2015;0.0156;-0.0072;0.005;-0.0007;0,0000
08/07/2015;-0.0107;-0.0004;0.0073;0.0013;0.0043
07/07/2015;0.0037;0.0187;0.0143;0.0027;-0.0042
06/07/2015;-0.007;-0.0076;0.0086;-0.0004;0.012
03/07/2015;-0.011;0.0201;0.007;-0.0007;-0.0034
02/07/2015;0.0066;-0.0168;-0.0117;0.0004;-0.0168
01/07/2015;-0.0061;0.0183;0.0077;0.0044;0.0188
30/06/2015;0.0013;-0.0002;0.0091;0.0034;0.0069
29/06/2015;-0.0186;-0.0237;0.0123;0.0015;-0.0128
26/06/2015;0.0158;0.0066;0.0236;0.0003;-0.0059
25/06/2015;-0.0124;0.0015;0.0088;0.0002;0,0000
24/06/2015;0.0013;-0.0014;-0.0105;0.0018;0.0038
23/06/2015;-0.0017;-0.0033;0.01;-0.001;-0.0101
22/06/2015;0.0021;-0.0004;0.0146;0.0019;0.0202
19/06/2015;-0.009;0.0109;-0.005;-0.0017;-0.0077
18/06/2015;0.0186;0.0085;0.0097;0.0047;-0.0126
17/06/2015;-0.0084;-0.01;-0.0115;0.0019;-0.0024
16/06/2015;0.0106;-0.0051;-0.0095;0.0031;0.0024
15/06/2015;-0.0039;-0.0016;-0.0081;0.0015;-0.0042
12/06/2015;-0.0064;0.0004;-0.0038;0.0014;-0.0197
11/06/2015;-0.0035;-0.0033;0.0148;-0.0006;0.0117
10/06/2015;0.0201;0.0176;0.012;0.003;0.0159
09/06/2015;0.0001;-0.0035;0.0051;0.0006;-0.0108
08/06/2015;-0.0031;-0.02;0.0032;-0.002;-0.0017
05/06/2015;-0.0103;-0.0044;-0.0006;0.004;0.0101
03/06/2015;-0.0132;0.0021;0.0054;0.0021;0.018
02/06/2015;0.0227;-0.0104;-0.0116;0.0021;0.0069
01/06/2015;0.0051;-0.0041;0.0038;0.0016;-0.0085
29/05/2015;-0.0225;0.0016;0.0083;0.0023;-0.0068
28/05/2015;-0.0048;0.0028;0.0053;-0.0011;0.0068
27/05/2015;0.0113;0.0096;-0.0061;0.0021;-0.0076
26/05/2015;-0.0179;0.0004;0.0093;-0.0036;-0.0004
25/05/2015;0.0043;0.0052;-0.001;0.0017;0.0081
22/05/2015;-0.0133;0.016;0.0104;0.001;0.0086
21/05/2015;0.0038;0.015;-0.0167;0.0024;0.0202
20/05/2015;-0.0108;-0.0133;-0.003;-0.0006;-0.013
19/05/2015;-0.0126;0.009;0.0015;-0.0015;-0.0112
18/05/2015;-0.0182;0.0096;-0.0023;0,0000;-0.0043
15/05/2015;0.0104;0.0014;-0.0129;0.003;0.0052
14/05/2015;0.005;-0.0037;0.0218;0.0003;0.0078
13/05/2015;-0.0074;0.0064;-0.0048;0.0006;0.0176
12/05/2015;-0.0071;-0.0141;-0.0064;0.0004;0.0088
11/05/2015;0.0008;0.0198;-0.0156;0.001;0.0082
08/05/2015;0.004;-0.0026;0.016;0.0009;-0.0036
07/05/2015;-0.0032;-0.0023;-0.0082;-0.0037;-0.0209
06/05/2015;-0.0163;-0.0109;-0.0109;0.0047;0.0078
05/05/2015;0.0122;-0.0169;0.0001;0.0029;-0.0283
04/05/2015;0.02;0.0379;0.0013;0.0013;-0.0085
30/04/2015;0.0163;0.0066;0.0002;0.005;0.0086
29/04/2015;-0.0087;0.0041;0.0124;0.003;-0.011
28/04/2015;0.005;0.0083;0.0045;0.0011;-0.024
27/04/2015;-0.0187;-0.0168;0.0182;-0.0001;0,0000
24/04/2015;0.0163;-0.0047;0.0118;0.0023;0.0041
23/04/2015;0.0195;-0.0065;-0.0017;0.0043;0.0042
22/04/2015;0.0159;-0.0045;0.002;0.0021;-0.0041
20/04/2015;-0.0036;0.007;0.0046;0.0001;-0.0187
17/04/2015;-0.0132;-0.0046;0.0084;0.0001;-0.0057
16/04/2015;-0.0045;-0.0178;-0.0046;0.0015;-0.008
15/04/2015;0.0174;0.0081;-0.0023;0.0059;0.0122
14/04/2015;-0.0048;-0.0183;-0.0094;-0.0025;0.0016
13/04/2015;0.0005;0.0111;0.0071;-0.0002;-0.0032
10/04/2015;0.0076;0.0118;0.007;0.001;-0.0104
09/04/2015;0.0026;0.0051;-0.015;-0.0001;0.0081
08/04/2015;-0.0013;-0.0227;0,0000;0.0019;0.0202
07/04/2015;-0.0002;0.0018;-0.0067;0.0009;0.0004
06/04/2015;0.0116;0.0055;-0.0042;0.0034;0.0033
02/04/2015;0.0153;-0.0114;0.0273;0.0015;-0.0171
01/04/2015;0.0229;-0.0073;0.0191;0.0048;-0.0137
31/03/2015;-0.0018;-0.0225;0.0149;0.0056;0.0289
30/03/2015;0.0229;0.0103;-0.01;0.0014;0.0099
27/03/2015;-0.0096;0.0154;-0.0171;0.0045;-0.0024
26/03/2015;-0.0247;-0.0016;-0.0112;0.0002;-0.0123
25/03/2015;0.0068;0.0047;-0.0034;0.0012;0.0384
24/03/2015;-0.0078;-0.0119;-0.0094;-0.0012;0.0139
23/03/2015;-0.0011;-0.0298;-0.0023;-0.0009;-0.0052
20/03/2015;0.0199;-0.0111;0.0098;-0.0017;0.0004
19/03/2015;-0.0111;0.0271;-0.0141;0.0009;0.0127
18/03/2015;0.0247;-0.0049;-0.0064;0.0007;-0.0074
17/03/2015;0.0294;-0.0003;-0.0042;0,0000;0.0117
16/03/2015;0.0052;0.0143;0.007;-0.0064;0.0089
13/03/2015;-0.0058;0.0206;0.0108;-0.0021;0.0044
12/03/2015;-0.0005;0.0236;-0.012;-0.0007;0.0117
11/03/2015;0.0127;0.0006;-0.0127;0.0012;-0.0159
10/03/2015;-0.018;-0.0222;0.0099;-0.0085;0.018
09/03/2015;-0.016;0.0297;-0.018;0.0002;0.0045
06/03/2015;-0.0076;-0.0012;-0.002;0.0007;-0.0045
05/03/2015;-0.002;0.0126;-0.0396;-0.0012;0.0174
04/03/2015;-0.0163;0.0176;0.0078;-0.0027;-0.0198
03/03/2015;0.0056;0.005;0.0106;-0.0037;0.0164
02/03/2015;-0.0109;0.0193;0.0108;-0.0036;-0.009
27/02/2015;-0.0034;-0.0129;0.014;0.0008;-0.0009
26/02/2015;-0.001;0.0018;0.0053;0.0037;-0.0169
25/02/2015;-0.0012;0.0123;-0.0154;-0.0034;0.0063
24/02/2015;0.0116;-0.0067;-0.0192;0.0029;0.0099
23/02/2015;0.0008;-0.0023;-0.0067;0.0011;0.0123
20/02/2015;-0.0011;0.0057;0.0038;-0.0029;-0.01
19/02/2015;0.0003;0.0143;-0.005;0.0004;-0.0076
18/02/2015;0.0127;0.0037;0.0132;0.0003;0.0211
13/02/2015;0.0223;0.0055;-0.0002;0.0009;-0.0136
12/02/2015;0.0268;-0.0075;0.0351;0.0039;0.0138
11/02/2015;-0.0056;0.0171;0.0003;0.0007;0.0346
10/02/2015;-0.0177;0.0246;-0.0044;-0.0042;-0.0098
09/02/2015;0.0121;-0.0062;0.0091;-0.0027;0.0037
06/02/2015;-0.009;0.0143;0.0215;-0.0009;0.0019
05/02/2015;-0.0014;0.0054;0.0145;-0.0012;-0.0066
04/02/2015;0.0069;0.0235;0.0043;-0.0019;0.0019
03/02/2015;0.0276;0.0256;0.0259;0.0002;-0.0084
02/02/2015;0.0158;-0.0068;0.0138;0.0007;-0.012
30/01/2015;-0.0179;0.0251;-0.0044;-0.0006;0.0046
29/01/2015;0.0014;0.003;0.0019;0.0018;0.0146
28/01/2015;-0.0185;0.0011;0.0028;-0.0014;-0.0005
27/01/2015;0.0003;-0.0123;-0.0001;-0.0027;0.024
26/01/2015;-0.0041;-0.0024;-0.0056;-0.0019;0,0000
23/01/2015;-0.0135;0.0099;0.0039;-0.0004;-0.0057
22/01/2015;0.0044;-0.0034;0.0054;0.0033;0.0255
21/01/2015;0.0281;0.0049;0.004;-0.0007;-0.0164
20/01/2015;0.0025;-0.0093;0.0014;-0.0026;-0.0124
19/01/2015;-0.0257;0.0069;-0.0082;0.002;-0.0033
16/01/2015;0.0206;-0.0022;0.0017;0.0039;0.012
15/01/2015;0.008;0.0089;0.0178;0.0083;0.0206
14/01/2015;-0.0082;-0.0167;0.0072;0.0007;0.0059
13/01/2015;-0.002;-0.0155;0.0084;0.0002;-0.0174
12/01/2015;-0.0143;0.0018;0.0093;0.0027;0.0068
09/01/2015;-0.0221;-0.0188;0.0088;0.0019;0.0149
08/01/2015;0.0097;0.0114;0.0033;0.0011;0.01
07/01/2015;0.0305;0.0058;0.0061;0.0026;-0.0177
06/01/2015;0.0102;-0.0161;0.0102;-0.004;-0.002
05/01/2015;-0.0205;-0.0009;0.0255;0.0047;-0.0145
02/01/2015;-0.0299;0.0074;0.0063;0.0073;-0.0171
30/12/2014;-0.0116;-0.0325;-0.0005;0.003;0.0125
29/12/2014;0.009;0.0124;-0.006;0.0023;-0.0048
26/12/2014;-0.0146;-0.0136;0.0043;0.0041;0.0048
23/12/2014;0.0153;0.0506;0.004;0.0037;0.0146
22/12/2014;0.0095;-0.0229;-0.0082;-0.003;0.0049
19/12/2014;0.0238;0.0158;-0.0107;0.004;0.02
18/12/2014;-0.0045;0.0051;0.0002;0.0043;0.005
17/12/2014;0.0363;-0.0132;0.0019;0.0064;-0.01
16/12/2014;-0.0002;0.0189;0.0027;-0.0125;0.005
15/12/2014;-0.0205;-0.0053;-0.0038;-0.0008;0.0142
12/12/2014;-0.0373;-0.0004;-0.0099;-0.0062;0.0061
11/12/2014;0.0063;0.0081;-0.0034;-0.0009;0.0072
10/12/2014;-0.0129;0.0024;-0.0003;-0.0001;0.0052
09/12/2014;-0.0016;-0.0106;-0.0125;-0.0037;-0.0021
08/12/2014;-0.0331;0.0004;0.0042;-0.0057;-0.0102
05/12/2014;0.011;0.0109;-0.008;0.0015;0.0051
04/12/2014;-0.0171;0.0076;-0.0031;-0.0012;0.0125
03/12/2014;0.0137;-0.0011;0.0066;-0.0056;-0.0173
02/12/2014;-0.0127;0.0105;0.0138;-0.0029;-0.0101
01/12/2014;-0.0447;-0.0139;0,0000;-0.0048;0.0051
28/11/2014;0,0000;0.0239;-0.0083;0.0036;-0.001
27/11/2014;-0.0068;0.003;-0.0011;-0.0003;0.0249
26/11/2014;-0.0083;-0.0113;-0.0006;0.0021;0.011
25/11/2014;0.0028;-0.0069;0.002;0.002;0,0000
24/11/2014;-0.0121;0.0138;0.0094;0.0056;-0.0047
21/11/2014;0.0502;-0.0149;0.0015;0.0019;-0.0013
19/11/2014;0.0258;-0.0061;-0.0071;-0.0027;0.0205
18/11/2014;0.0157;0.008;-0.021;-0.0015;0.0086
17/11/2014;-0.01;-0.0065;-0.0057;-0.002;-0.0106
14/11/2014;-0.0014;0.0022;0.0257;-0.0017;0,0000
13/11/2014;-0.0214;0.0138;0.006;-0.0068;0.0022
12/11/2014;0.0096;0.0002;0.0109;-0.0038;0.0085
11/11/2014;-0.0048;0.0068;0.0131;-0.0077;-0.0363
10/11/2014;-0.0093;-0.0047;-0.0033;-0.0048;-0.0143
07/11/2014;0.0111;0.0117;0.0036;-0.0019;-0.0111
06/11/2014;-0.0198;0.0211;0.0014;-0.0039;0.0154
04/11/2014;-0.0126;-0.0016;0.0035;-0.0031;-0.0191
03/11/2014;0.0081;0.0189;0.0074;-0.0016;0.0071
31/10/2014;-0.0125;0.0182;-0.0022;-0.0029;-0.0075
29/10/2014;0.0438;-0.0024;0.0016;0.0014;0.0096
28/10/2014;0.0252;-0.0108;0.0009;0.0031;0.0155
27/10/2014;-0.0245;0.0235;0.0214;-0.001;-0.0021
24/10/2014;0.0362;-0.0159;-0.0015;0.0018;0.0073
23/10/2014;-0.0277;0.0214;-0.0053;-0.0074;0.0244
22/10/2014;0.0242;0.005;-0.0018;0.0002;0.0021
21/10/2014;-0.0324;0.0243;-0.0043;-0.0031;-0.0105
20/10/2014;-0.0004;0.0163;-0.0022;-0.0007;0.0215
17/10/2014;-0.0344;-0.0021;-0.0156;-0.0041;-0.0085
16/10/2014;-0.0255;0.0242;-0.0045;-0.0025;0.0086
15/10/2014;0.0263;-0.0063;-0.0026;0.0023;-0.0211
14/10/2014;-0.0327;0.0031;-0.0038;-0.0022;-0.0186
13/10/2014;-0.0324;-0.0252;0.0159;-0.001;0.0083
10/10/2014;0.001;0.0026;0.0069;0.0015;0.0105
09/10/2014;0.0478;-0.0146;-0.0037;-0.0002;0,0000
08/10/2014;-0.0342;0.0025;0.01;0.0017;0.0106
07/10/2014;0.0037;-0.0231;-0.0129;0.0005;-0.0095
06/10/2014;-0.0066;-0.0187;0.0156;-0.0019;0.0204
03/10/2014;0.0056;0.0057;0.0062;0.0031;-0.0148
02/10/2014;0.0472;0.002;-0.0011;0.0017;0.0097
01/10/2014;0.0191;0.0029;0.0143;-0.0056;0.014
30/09/2014;0.0125;-0.0016;0.0162;-0.0009;-0.0022
29/09/2014;-0.0232;0.0097;0.0134;0,0000;-0.0065
26/09/2014;-0.0093;0.0025;-0.0093;0.0023;0,0000
25/09/2014;-0.0452;0.001;-0.021;-0.0042;0,0000
24/09/2014;0.0223;-0.0025;-0.0186;0.0026;0.0175
23/09/2014;-0.0152;0.0012;0.0216;0.0007;-0.0076
22/09/2014;0.005;-0.0027;-0.008;0.0003;0.0033
19/09/2014;-0.0049;0.006;0.009;0.0015;0.0055
18/09/2014;-0.0168;0.0069;-0.0006;-0.0012;0.0011
17/09/2014;-0.01;0.0129;0.0099;-0.0038;0.0033
16/09/2014;-0.0124;0.0025;0.0032;0.0015;0.0033
15/09/2014;-0.0001;0.0019;-0.0118;0.0025;-0.0152
12/09/2014;0.0201;0.0147;0.0186;0.0006;-0.0054
11/09/2014;0.0179;-0.0017;0.0136;0.0026;0,0000
10/09/2014;-0.0242;0.0069;0.0028;-0.0006;-0.0011
09/09/2014;0.0024;0.0033;-0.0074;0.0017;-0.0054
08/09/2014;-0.0081;0.0106;0.0079;-0.001;0.0011
05/09/2014;-0.0087;-0.0013;-0.0065;0.0012;0.0022
04/09/2014;-0.0245;0.0046;0.0014;-0.0024;-0.0032
03/09/2014;-0.0019;-0.0088;-0.0025;-0.0035;0.0065
02/09/2014;-0.0168;0.0071;-0.0335;0.0018;-0.0043
01/09/2014;-0.001;0.0007;0.0059;0.0001;-0.0076
29/08/2014;0.0123;0.0004;0.0066;0.0032;-0.0041
28/08/2014;-0.0024;-0.009;0.0041;0.0003;-0.0042
27/08/2014;0.0165;-0.0035;0.0087;0.0053;-0.0074
26/08/2014;-0.0108;-0.008;0.0094;0.0036;-0.0021
25/08/2014;0.0189;0.007;0.0006;0.0044;-0.0073
22/08/2014;0.0014;0.0106;0.0018;-0.0012;-0.0052
21/08/2014;0.0227;0.008;0.0065;-0.0014;0.0158
19/08/2014;-0.0099;0.002;0.009;-0.0009;0.016
18/08/2014;0.0019;0.0069;-0.0005;0.0045;0.0032
15/08/2014;0.0073;-0.0025;0.0121;-0.0028;0.0022
14/08/2014;0.0154;-0.0011;0.0014;0.0014;-0.0053
13/08/2014;0.0105;0.0092;-0.0021;-0.0016;0.0021
12/08/2014;0.0212;-0.0043;0.0065;0.0041;0.0076
11/08/2014;0.0036;0.0022;0.0162;-0.0009;-0.0022
08/08/2014;-0.0153;0.0059;-0.0038;0.0021;0.0109
07/08/2014;-0.003;0.0036;0.0068;-0.0015;-0.0182
06/08/2014;0.0187;-0.0025;0.0143;0.0011;0.013
05/08/2014;-0.0109;0.0025;0.0033;-0.0018;-0.0075
04/08/2014;-0.0053;0.0016;0.0027;-0.0008;-0.0053
01/08/2014;0.0051;-0.0088;0.0017;-0.0026;-0.0148
31/07/2014;-0.0073;-0.0058;-0.009;-0.0033;0.0226
30/07/2014;0.0128;0.0031;0.007;-0.0056;0.0076
29/07/2014;0.0013;0.0027;-0.0014;0.0004;-0.0081
28/07/2014;-0.0184;-0.0016;-0.0046;0.0006;-0.0277
25/07/2014;-0.0042;-0.0016;-0.0041;-0.0001;0.0052
23/07/2014;-0.01;0.0063;-0.0069;0.0041;0.0107
22/07/2014;-0.0022;0.0025;-0.0026;-0.003;0.0075
21/07/2014;-0.0027;-0.0072;0.0013;0.0006;-0.0053
18/07/2014;0.0097;-0.0031;0.0087;0.0016;0.0011
17/07/2014;-0.0097;0.004;0.0014;-0.0006;-0.0032
16/07/2014;0.0061;0.0038;-0.0016;0.0037;0.0032
15/07/2014;0.0109;0.0034;-0.0004;0.0041;-0.0032
14/07/2014;0.0247;0.002;-0.0042;0.0008;0.0064
11/07/2014;-0.0014;0.0007;-0.0006;0.0023;0.0043
10/07/2014;-0.0046;-0.0083;0.0005;-0.0015;0.0054
07/07/2014;0.0041;0.0002;-0.0034;0.0011;-0.0107
04/07/2014;0.0175;0.0005;-0.0004;0.0022;0.0054
03/07/2014;0.0035;0.0009;-0.009;-0.0008;0.0054
02/07/2014;0.0179;0.0098;0.0081;-0.0019;0.0109
01/07/2014;-0.0031;0.0046;0.0005;0.0036;0.0055
30/06/2014;-0.0047;0.0064;0.0015;-0.0023;-0.0109
27/06/2014;0.0034;0.0005;0.0079;-0.0011;0,0000
26/06/2014;0.0159;-0.0055;-0.0013;0.0001;-0.0054
25/06/2014;-0.0027;-0.0066;-0.003;0.0019;0,0000
24/06/2014;0.0001;-0.0007;0.0101;0.0003;-0.0027
23/06/2014;0.0002;-0.0016;0.0076;0.003;0.0131
18/06/2014;-0.0065;-0.0023;-0.0011;0.0015;-0.0027
17/06/2014;0.0015;0.0122;0.0004;-0.0003;0.0055
16/06/2014;-0.0158;0,0000;0.004;0.0014;0.0077
13/06/2014;0.0013;-0.0055;0.0001;0.0026;-0.0044
11/06/2014;-0.0078;-0.0005;0.0033;0.0014;-0.0044
10/06/2014;-0.0102;-0.0018;-0.0049;-0.0012;-0.0065
09/06/2014;0.0166;-0.0059;-0.0055;-0.0003;-0.0054
06/06/2014;-0.006;-0.0023;-0.0018;0.0008;0,0000
05/06/2014;-0.0032;-0.0018;0.0095;-0.0004;0,0000
04/06/2014;-0.0054;0.0023;-0.0001;0.0025;0.0016
03/06/2014;0.0091;0.002;0.0009;0.0001;-0.0016
02/06/2014;0.0061;0.0096;-0.0023;0.0003;0.0109
30/05/2014;0.0215;0.0153;-0.0004;-0.0008;-0.0054
29/05/2014;0.0304;-0.0028;0.0047;0.0022;0.0044
28/05/2014;-0.0053;0.0009;-0.0007;0.0013;-0.0255
27/05/2014;-0.0038;0.0136;-0.0023;0.0011;0.0162
26/05/2014;0.0083;-0.0009;0.0023;-0.0011;0,0000
23/05/2014;0.0072;0.0054;-0.0059;-0.0009;-0.0054
22/05/2014;-0.0191;0.0078;0.0067;0.0034;0.0164
21/05/2014;-0.0076;0.0048;0.0036;0.0026;-0.0119
20/05/2014;0.0089;-0.0031;0.0013;0.0019;-0.0064
19/05/2014;-0.0143;0.0045;0.0023;0.0007;-0.0011
16/05/2014;0.0058;-0.0024;-0.0052;-0.0003;0.0108
15/05/2014;-0.0034;-0.0043;0.0017;0.0001;0.0027
14/05/2014;0.0115;-0.0047;-0.0074;-0.0015;-0.0038
13/05/2014;-0.0031;-0.0019;0.001;0.0009;-0.017
12/05/2014;-0.0185;0.0093;-0.0083;-0.0014;-0.0053
09/05/2014;-0.0115;0.0062;-0.0068;0,0000;0.0216
08/05/2014;0.0022;-0.0055;0.0021;-0.002;0.0164
07/05/2014;-0.0102;-0.0002;0.0078;0.0013;-0.0108
06/05/2014;0.0094;0.0014;-0.0015;0.0027;-0.0108
05/05/2014;-0.0027;-0.0045;0.0019;0,0000;0.0022
02/05/2014;0.0179;-0.0045;-0.0001;-0.0003;-0.0022
30/04/2014;-0.006;0.0081;0.0005;0.0001;-0.0211
